URL,First Visit,Last Visit,Count,,,,
file:///home/stevev/.recently-used.xbel,12/17/2007 12:57,12/17/2007 12:57,0,,,,266
http://corporate.disney.go.com/environmentality/index.html,12/17/2007 12:08,12/17/2007 12:08,0,,,The Walt Disney Company - Disney's Environmentality,265
http://corporate.disney.go.com/corporate/conduct_manufacturers.html,12/17/2007 12:06,12/17/2007 12:06,0,,,The Walt Disney Company - Code of Conduct for Manufacturers,264
http://corporate.disney.go.com/corporate/intl_labor_standards.html,12/17/2007 11:59,12/17/2007 11:59,0,,,The Walt Disney Company - International Labor Standards,263
http://corporate.disney.go.com/corporate/sitemap.html,12/17/2007 11:55,12/17/2007 11:55,0,,,The Walt Disney Company - Site Map,262
http://corporate.disney.go.com/news/corporate/2007/2007_1017_resortexpans\ion.html,12/17/2007 11:49,12/17/2007 11:49,0,,,"The Walt Disney Company and Affiliated Companies - Corporate Press Releases - October 17, 2007",261
http://corporate.disney.go.com/index.html,12/17/2007 11:46,12/17/2007 11:46,0,http://disney.go.com/corporate/,corporate.disney.go.com,The Walt Disney Company and Affiliated Companies - Corporate Information,260
http://disney.go.com/corporate/,12/17/2007 11:46,12/17/2007 11:46,0,,,,259
http://home.disney.go.com/travel/index,12/17/2007 11:46,12/17/2007 11:46,0,,home.disney.go.com,Disney.com | Travel | Home,257
http://transfer.go.com/cgi/transfer.dll?srvc=dis&goto=http://disney.go.co\m/corporate/&name=hp_html_qlinks_corpInfo,12/17/2007 11:46,12/17/2007 11:46,0,,transfer.go.com,,258
http://transfer.go.com/cgi/transfer.dll?srvc=dis&goto=http://home.disney.\go.com/travel/index&name=g_micChrome_cl_Travel,12/17/2007 11:46,12/17/2007 11:46,0,,transfer.go.com,,256
http://disney.go.com/,12/17/2007 11:45,12/17/2007 11:45,0,,disney.go.com,,253
http://disney.go.com/home/html/index.html?flash=false,12/17/2007 11:45,12/17/2007 11:45,0,http://disney.go.com/index,disney.go.com,Experience the magic with the latest Browser and Flash plug-in,255
http://disney.go.com/index,12/17/2007 11:45,12/17/2007 11:45,0,,disney.go.com,Disney.com | The Official Home Page For All Things Disney,254
http://pagead2.googlesyndication.com/pagead/ads?client=ca-pub-34465402047\08638&dt=1197863101267&lmt=1197863100&format=180x150_as&output=html&correlator\=1197863101267&url=http%3A%2F%2Fwww.kuro5hin.org%2Fsection%2Ftech&color_bg=EEE\EEE&color_text=333333&color_link=003767&color_url=003767&color_border=EEEEEE&a\d_type=text&ref=http%3A%2F%2Fwww.kuro5hin.org%2Fstory%2F2007%2F11%2F25%2F17421\%2F960&cc=100&ga_vid=1495205446.1197863101&ga_sid=1197863101&ga_hid=1686686360\&flash=0&u_h=1004&u_w=1900&u_ah=954&u_aw=1900&u_cd=24&u_tz=-300&u_his=6&u_java\=true,12/17/2007 11:45,12/17/2007 11:45,0,http://www.kuro5hin.org/section/tech,pagead2.googlesyndication.com,,251
http://www.disney.com/,12/17/2007 11:45,12/17/2007 11:45,2,,disney.com,,252
http://www.kuro5hin.org/section/tech,12/17/2007 11:45,12/17/2007 11:45,0,http://www.kuro5hin.org/story/2007/11/25/17421/960,kuro5hin.org,kuro5hin.org || Technology,250
http://pagead2.googlesyndication.com/pagead/ads?client=ca-pub-34465402047\08638&dt=1197863019371&lmt=1197863018&format=180x150_as&output=html&correlator\=1197863019369&url=http%3A%2F%2Fwww.kuro5hin.org%2F&color_bg=EEEEEE&color_text\=333333&color_link=003767&color_url=003767&color_border=EEEEEE&ad_type=text&cc\=100&ga_vid=1581769579.1197863019&ga_sid=1197863019&ga_hid=434763021&flash=0&u\_h=1004&u_w=1900&u_ah=954&u_aw=1900&u_cd=24&u_tz=-300&u_his=4&u_java=true,12/17/2007 11:43,12/17/2007 11:43,0,http://www.kuro5hin.org/,pagead2.googlesyndication.com,,247
http://pagead2.googlesyndication.com/pagead/ads?client=ca-pub-34465402047\08638&dt=1197863031848&lmt=1197863031&format=120x600_as&output=html&correlator\=1197863031848&url=http%3A%2F%2Fwww.kuro5hin.org%2Fstory%2F2007%2F11%2F25%2F17\421%2F960&color_bg=EEEEEE&color_text=333333&color_link=003767&color_url=003767\&color_border=EEEEEE&ref=http%3A%2F%2Fwww.kuro5hin.org%2F&cc=100&ga_vid=304070\027.1197863032&ga_sid=1197863032&ga_hid=641757188&flash=0&u_h=1004&u_w=1900&u_\ah=954&u_aw=1900&u_cd=24&u_tz=-300&u_his=5&u_java=true,12/17/2007 11:43,12/17/2007 11:43,0,http://www.kuro5hin.org/story/2007/11/25/17421/960,pagead2.googlesyndication.com,,249
http://www.kuro5hin.org/,12/17/2007 11:43,12/17/2007 11:43,2,,kuro5hin.org,"kuro5hin.org || technology and culture, from the trenches",246
http://www.kuro5hin.org/story/2007/11/25/17421/960,12/17/2007 11:43,12/17/2007 11:43,0,http://www.kuro5hin.org/,kuro5hin.org,A Financial Perspective on DRM || kuro5hin.org,248
http://www.bankrate.com/brm/rate/brm_ccsearch_advanced.asp?product=82&ec_\id=brmint_brm_small_new_cc_all,12/17/2007 11:42,12/17/2007 11:42,0,http://www.bankrate.com/brm/news/cc/20010416b.asp,bankrate.com,Credit Cards and Credit Card Rates in the United States-- Free search for the best credit card rates,245
http://ad.doubleclick.net/adi/N2886.Bankratenc/B2534773.6;sz=250x250;ord=\653493509101775877?,12/17/2007 11:41,12/17/2007 11:41,0,http://www.bankrate.com/brm/news/cc/20010416b.asp,ad.doubleclick.net,Click Here!,243
http://www.bankrate.com/brm/inc/ib/creditcards.asp,12/17/2007 11:41,12/17/2007 11:41,0,http://www.bankrate.com/brm/news/cc/20010416b.asp,bankrate.com,,244
http://www.bankrate.com/brm/news/cc/20010416b.asp,12/17/2007 11:41,12/17/2007 11:41,0,http://www.google.com/search?q=overseas+credit+card+payments&start=0&ie=u\tf-8&oe=utf-8&client=firefox-a&rls=org.mozilla:en-US:official,bankrate.com,Fees on overseas credit card transactions,242
http://www.google.com/search?q=overseas+credit+card+payments&start=0&ie=u\tf-8&oe=utf-8&client=firefox-a&rls=org.mozilla:en-US:official,12/17/2007 11:41,12/17/2007 11:41,0,,google.com,overseas credit card payments - Google Search,240
http://www.google.com/url?sa=t&ct=res&cd=1&url=http%3A%2F%2Fwww.bankrate.\com%2Fbrm%2Fnews%2Fcc%2F20010416b.asp&ei=F_BlR_fQA4OkeeSusEw&usg=AFQjCNHloCeqf\sobNwavLEX9PoJpWu3z2A&sig2=yRPwKoIU0x_l6SZYggaNHA,12/17/2007 11:41,12/17/2007 11:41,0,http://www.google.com/search?q=overseas+credit+card+payments&start=0&ie=u\tf-8&oe=utf-8&client=firefox-a&rls=org.mozilla:en-US:official,google.com,,241
http://mail.google.com/mail/#inbox,12/8/2007 16:46,12/17/2007 11:36,4,,mail.google.com,Gmail - Inbox - steve.vogon@gmail.com,50
http://mail.google.com/mail/?ui=2&ik=d5424cfd94&view=tl&start=0&num=70&rt\=h&search=inbox,12/8/2007 16:49,12/17/2007 11:36,3,http://mail.google.com/mail/,mail.google.com,,53
http://mail.google.com/mail/#sent,12/17/2007 11:36,12/17/2007 11:36,0,,mail.google.com,Gmail - Sent Mail - steve.vogon@gmail.com,239
http://mail.google.com/mail/?ui=2&ik=d5424cfd94&at=tfpl75xkoz07h3atsmkzip\rgd0ckhr&view=up&act=sm&jsid=di3dha-fu8ct0&cmid=1&rt=h&zx=6p8o02-b033or,12/17/2007 11:36,12/17/2007 11:36,0,http://mail.google.com/mail/,mail.google.com,,237
http://mail.google.com/mail/?ui=2&ik=d5424cfd94&view=tl&start=0&num=70&rt\=h&search=sent,12/17/2007 11:36,12/17/2007 11:36,0,http://mail.google.com/mail/,mail.google.com,,238
http://mail.google.com/mail/,12/8/2007 16:46,12/17/2007 11:34,2,http://mail.google.com/mail/help/intro.html,mail.google.com,Loading... Gmail,46
http://mail.google.com/mail/#,12/8/2007 16:46,12/17/2007 11:34,2,,mail.google.com,Gmail,48
http://mail.google.com/mail/#compose,12/8/2007 16:46,12/17/2007 11:34,2,,mail.google.com,Gmail - Compose Mail - steve.vogon@gmail.com,51
http://mail.google.com/mail/?ui=2&ik=d5424cfd94&view=tl&start=0&num=70&in\it=1&rt=h&search=inbox,12/8/2007 16:46,12/17/2007 11:34,5,http://mail.google.com/mail/,mail.google.com,,49
http://mail.google.com/mail/?ui=2&view=bsp&ver=ymdfwq781tpu,12/8/2007 16:46,12/17/2007 11:34,10,http://mail.google.com/mail/,mail.google.com,,47
http://www.noblebank.pl/noble/index.jsp?place=Menu01&news_cat_id=84&layou\t=5,12/9/2007 13:54,12/17/2007 11:34,3,http://www.noblebank.pl/noble/index.jsp?place=Menu03&news_cat_id=189&layo\ut=5,noblebank.pl,Noble Bank - KONTAKT,102
http://gmail.com/,12/17/2007 11:34,12/17/2007 11:34,2,,gmail.com,,236
http://travel.travelocity.com/hotel/TTDateLessDetail.do?Service=TRAVELOCI\TY&propertyId=7977&WA1=03040&WA2=StoresCARIB&WA3=fd2&WA4=radisson&WA5=IM#dinin\g,12/17/2007 11:34,12/17/2007 11:34,0,,travel.travelocity.com,,233
http://www.noblebank.pl/noble/index.jsp?place=Menu02&news_cat_id=223&layo\ut=1,12/17/2007 11:34,12/17/2007 11:34,0,http://www.noblebank.pl/noble/index.jsp?place=Menu01&news_cat_id=84&layou\t=5,noblebank.pl,Noble Bank - ENGLISH SUMMARY,234
http://www.noblebank.pl/noble/index.jsp?place=Menu06&news_cat_id=227&layo\ut=8,12/17/2007 11:34,12/17/2007 11:34,0,http://www.noblebank.pl/noble/index.jsp?place=Menu02&news_cat_id=223&layo\ut=1,noblebank.pl,Noble Bank - Contact,235
http://dm.travelocity.com/html.ng/site=travelocity&cobrand=TRAVELOCITY&ar\ea=homepage&adsize=125x125&pagepos=1,12/9/2007 15:47,12/17/2007 11:32,2,http://travelocity.com/,dm.travelocity.com,,177
http://dm.travelocity.com/html.ng/site=travelocity&cobrand=TRAVELOCITY&ar\ea=homepage&adsize=125x125&pagepos=2,12/9/2007 15:47,12/17/2007 11:32,2,http://travelocity.com/,dm.travelocity.com,,179
http://travelocity.com/,12/9/2007 15:47,12/17/2007 11:32,3,,travelocity.com,"Travel: Airfares, hotels, vacations, cruises, car rentals and more at Travelocity.com",175
"http://travelocity.com/checkflash/1,5274,,00.html",12/9/2007 15:47,12/17/2007 11:32,2,http://travelocity.com/,travelocity.com,flash detection,176
http://dm.travelocity.com/html.ng/adsize=160x600&site=travelocity&cobrand\=TRAVELOCITY&area=package&orig=&dest=&air_seg=1&car_seg=0&hot_seg=1&cruiseseg=\0&random=1197862371470,12/17/2007 11:32,12/17/2007 11:32,0,http://travel.travelocity.com/hotel/TTDateLessDetail.do?Service=TRAVELOCI\TY&propertyId=7977&WA1=03040&WA2=StoresCARIB&WA3=fd2&WA4=radisson&WA5=IM,dm.travelocity.com,,231
http://dm.travelocity.com/html.ng/adsize=468x60&site=travelocity&cobrand=\TRAVELOCITY&area=package&orig=&dest=&air_seg=1&car_seg=0&hot_seg=1&cruiseseg=0\&random=1197862371452,12/17/2007 11:32,12/17/2007 11:32,0,http://travel.travelocity.com/hotel/TTDateLessDetail.do?Service=TRAVELOCI\TY&propertyId=7977&WA1=03040&WA2=StoresCARIB&WA3=fd2&WA4=radisson&WA5=IM,dm.travelocity.com,,230
http://dm.travelocity.com/html.ng/site=travelocity&cobrand=TRAVELOCITY&ad\size=125x125&area=guides&section=store_carib,12/17/2007 11:32,12/17/2007 11:32,0,"http://leisure.travelocity.com/Promotions/0,,TRAVELOCITY|2045|pkg_main,00\.html?WA1=03040&WA2=HP&WA3=P2&WA4=caribbean&WA5=IM",dm.travelocity.com,,226
http://dm.travelocity.com/html.ng/site=travelocity&cobrand=TRAVELOCITY&ad\size=160x600&area=guides&section=store_carib,12/17/2007 11:32,12/17/2007 11:32,0,"http://leisure.travelocity.com/Promotions/0,,TRAVELOCITY|2045|pkg_main,00\.html?WA1=03040&WA2=HP&WA3=P2&WA4=caribbean&WA5=IM",dm.travelocity.com,,228
http://dm.travelocity.com/html.ng/site=travelocity&cobrand=TRAVELOCITY&ad\size=300x250&area=guides&section=store_carib,12/17/2007 11:32,12/17/2007 11:32,0,"http://leisure.travelocity.com/Promotions/0,,TRAVELOCITY|2045|pkg_main,00\.html?WA1=03040&WA2=HP&WA3=P2&WA4=caribbean&WA5=IM",dm.travelocity.com,,227
http://dm.travelocity.com/html.ng/site=travelocity&cobrand=TRAVELOCITY&ad\size=400x250&area=guides&section=store_carib,12/17/2007 11:32,12/17/2007 11:32,0,"http://leisure.travelocity.com/Promotions/0,,TRAVELOCITY|2045|pkg_main,00\.html?WA1=03040&WA2=HP&WA3=P2&WA4=caribbean&WA5=IM",dm.travelocity.com,,225
http://dm.travelocity.com/html.ng/site=travelocity&cobrand=TRAVELOCITY&ad\size=728x90&area=homepage&random=2942761571197862378?,12/17/2007 11:32,12/17/2007 11:32,0,http://travelocity.com/,dm.travelocity.com,,223
http://dm.travelocity.com/html.ng/site=travelocity&cobrand=TRAVELOCITY&ar\ea=homepage&adsize=455x200&random=291926.11824195134?,12/17/2007 11:32,12/17/2007 11:32,0,http://travelocity.com/,dm.travelocity.com,,222
"http://leisure.travelocity.com/Promotions/0,,TRAVELOCITY|2045|pkg_main,00\.html?WA1=03040&WA2=HP&WA3=P2&WA4=caribbean&WA5=IM",12/17/2007 11:32,12/17/2007 11:32,0,http://travelocity.com/,leisure.travelocity.com,Caribbean Vacation Packages - Caribbean Vacation Deals - Travel to Caribbean,224
http://travel.travelocity.com/hotel/TTDateLessDetail.do?Service=TRAVELOCI\TY&propertyId=7977&WA1=03040&WA2=StoresCARIB&WA3=fd2&WA4=radisson&WA5=IM,12/17/2007 11:32,12/17/2007 11:32,0,"http://leisure.travelocity.com/Promotions/0,,TRAVELOCITY|2045|pkg_main,00\.html?WA1=03040&WA2=HP&WA3=P2&WA4=caribbean&WA5=IM",travel.travelocity.com,Hotel Detail,229
"http://view.atdmt.com/DEN/iview/trvlmmcm0030000126den/direct/01/bdeuwqu,b\dwlIqexbwa?click=http://dm.travelocity.com/event.ng/Type%3dclick%26FlightID%3d\33266%26AdID%3d45706%26TargetID%3d8852%26Values%3d25,30,46,50,62,75,80,92,101,\110,150,155,194,203,214,215,233,281,285,287,2176,2218,2279,2295,2297,2305,2306\,2307,2308,2309,2340,2342,2343,2358,2432,2595,4761,6472,6474,6508,6672,7961,82\57%26RawValues%3dADSIZEID%2C160x600%2CDESTINATION%2C%2CORIGINATION%2C%2CAREAID\%2Cpackage%2CSID%2CT000V00000X501241470490271233044007956%2CCONID%2C97c1cf19-7\61-1197186535-2%2CTIMEID%2C1197862404%2CIPADDRESS%2C24.3.109.26%2CZIPCODE%2C15\201%2CAREACODE%2C412%26Redirect%3d",12/17/2007 11:32,12/17/2007 11:32,0,http://dm.travelocity.com/html.ng/adsize=160x600&site=travelocity&cobrand\=TRAVELOCITY&area=package&orig=&dest=&air_seg=1&car_seg=0&hot_seg=1&cruiseseg=\0&random=1197862371470,view.atdmt.com,160x600MS_Thanks_Travel,232
http://mail.google.com/mail/?tab=om#inbox,12/15/2007 0:11,12/17/2007 11:23,4,,mail.google.com,Gmail - Inbox - steve.vogon@gmail.com,214
http://mail.google.com/mail/?ui=2&ik=d5424cfd94&at=tfpl75xkoz07h3atsmkzip\rgd0ckhr&view=up&act=sm&jsid=3g9q2m-4pkhxt&cmid=1&rt=h&zx=m6cqo1-vz4p2k,12/17/2007 11:23,12/17/2007 11:23,0,http://mail.google.com/mail/?tab=om,mail.google.com,,221
http://mail.google.com/mail/?tab=om#compose,12/17/2007 11:19,12/17/2007 11:19,0,,mail.google.com,Gmail - Compose Mail - steve.vogon@gmail.com,220
http://mail.google.com/mail/?ui=2&ik=d5424cfd94&view=cv&th=116bdfa4213e64\3e&msgs=116bdfa4213e643e&rt=h&search=inbox,12/17/2007 11:18,12/17/2007 11:18,0,http://mail.google.com/mail/?tab=om,mail.google.com,,219
http://mail.google.com/mail?tab=om,12/8/2007 16:42,12/17/2007 11:17,5,http://docs.google.com/?pli=1,mail.google.com,,29
http://mail.google.com/mail/?tab=om,12/15/2007 0:11,12/17/2007 11:17,2,http://docs.google.com/,mail.google.com,Loading... Gmail,212
http://mail.google.com/mail/?tab=om#,12/15/2007 0:11,12/17/2007 11:17,2,,mail.google.com,Gmail,213
http://mail.google.com/mail/?tab=om#inbox/116bdfa4213e643e,12/15/2007 0:11,12/17/2007 11:17,2,,mail.google.com,Gmail - RE: Negotiate Google Docs,215
http://docs.google.com/,12/8/2007 16:25,12/17/2007 11:16,7,http://www.google.com/accounts/Logout2?ilo=1&ils=wise&ilc=1&continue=http\%3A%2F%2Fdocs.google.com%3A80%2F&zx=-352362955,docs.google.com,Google Docs,1
http://spreadsheets.google.com/ccc?doNothing,12/8/2007 16:40,12/17/2007 11:16,6,http://docs.google.com/?pli=1,spreadsheets.google.com,,22
http://spreadsheets.google.com/ccc?key=pI958hhN-OvZf1K54yGvTXw&hl=en,12/8/2007 16:50,12/17/2007 11:16,6,http://docs.google.com/?action=home,spreadsheets.google.com,Negotiate - Google Docs,58
http://spreadsheets.google.com/ccc?doNothing&pli=1,12/8/2007 16:53,12/17/2007 11:16,4,http://docs.google.com/?action=home,spreadsheets.google.com,,74
https://www.google.com/accounts/ServiceLogin?service=wise&passive=true&nu\i=1&continue=http%3A%2F%2Fspreadsheets.google.com%2Fccc%3FdoNothing&followup=h\ttp%3A%2F%2Fspreadsheets.google.com%2Fccc%3FdoNothing,12/8/2007 16:53,12/17/2007 11:16,4,http://docs.google.com/?action=home,google.com,Redirecting,72
http://docs.google.com/#,12/9/2007 13:42,12/17/2007 11:16,3,,docs.google.com,Google Docs - Spreadsheets,83
http://docs.google.com/#spreadsheets,12/15/2007 0:10,12/17/2007 11:16,2,,docs.google.com,,211
http://spreadsheets.google.com/ccc?doNothing&pli=1&auth=DQAAAJEAAADcf_VzN\0uh1hxUusj4JefNW1lNFYm3XlGAXefA0Ww3Tx-uKcMWr0l6VwC4cHhSfpoDo5RditjwGvTGnxwyYAd\kX2hrvDzJK7FNtFVhGFHPY9lYu0W_mlpbBgbLC_obHAGATczb6C80wLoUIq3ITieuqkC56C8yhGHRl\fW5lm7SlW9HR0dAbt6qsYvZFjGFjLny5IVvh0_BKPoGMLk8Gaun&gausr=Steve.Vogon%40gmail.\com,12/17/2007 11:16,12/17/2007 11:16,0,,spreadsheets.google.com,,218
http://www.googleadservices.com/pagead/conversion/1065610311/?random=1197\861396525&label=SIGNUP&hl=en&gl=US&fmt=1&bg=FFFFFF,12/17/2007 11:16,12/17/2007 11:16,0,http://docs.google.com/,googleadservices.com,,217
http://mail.google.com/mail/?ui=2&ik=d5424cfd94&at=tfpl75xkoz07h3atsmkzip\rgd0ckhr&view=up&act=sm&jsid=5ofgkq-3ntum8&cmid=1&rt=h&search=inbox&zx=o3xxmy-\ogv08c,12/15/2007 0:13,12/15/2007 0:13,0,http://mail.google.com/mail/?tab=om,mail.google.com,,216
http://docs.google.com/#documents,12/15/2007 0:10,12/15/2007 0:10,0,,docs.google.com,Google Docs - Spreadsheets,210
http://spreadsheets.google.com/ccc?doNothing&pli=1&auth=DQAAAI8AAACECowom\wiGldUAHZaVQP2Lg8hhAaX7DRl43He40-zZeuFQcM7toxw6dtfxZhA_APVSXDwZo_t9HMpuMtzxqZ4\niSU_ny0y5J_-9ON3JRYhZq1CygcF2LwY8tjKzhQugVzepxE5bSLXiOC-H1b_tEBZBnDWwJbconzvY\L4bnEzOzkO0FaiDYsY8fNvkhfqwzt0&gausr=Steve.Vogon%40gmail.com,12/15/2007 0:10,12/15/2007 0:10,0,,spreadsheets.google.com,,209
http://www.googleadservices.com/pagead/conversion/1065610311/?random=1197\648620935&label=SIGNUP&hl=en&gl=US&fmt=1&bg=FFFFFF,12/15/2007 0:10,12/15/2007 0:10,0,http://docs.google.com/,googleadservices.com,,208
https://dm.travelocity.com/html.ng/site=travelocity&cobrand=TRAVELOCITY&a\rea=hotel&section=preconf&dest=&air_seg=0&car_seg=0&hot_seg=1&random=583171,12/9/2007 15:53,12/9/2007 15:53,0,https://travel.travelocity.com/checkout/PostDisplaySeatMaps.do;jsessionid\=5244E9C4701E69F054D28CB654946F3C.p0239,dm.travelocity.com,,207
https://travel.travelocity.com/checkout/PostDisplaySeatMaps.do;jsessionid\=5244E9C4701E69F054D28CB654946F3C.p0239,12/9/2007 15:53,12/9/2007 15:53,2,https://travel.travelocity.com/checkout/PostDisplayContacts.do;jsessionid\=5244E9C4701E69F054D28CB654946F3C.p0239?SEQ=11971867464281192007,travel.travelocity.com,CheckoutBilling,206
https://travel.travelocity.com/checkout/PostDisplayContacts.do;jsessionid\=5244E9C4701E69F054D28CB654946F3C.p0239?SEQ=11971867464281192007,12/9/2007 15:52,12/9/2007 15:52,0,https://travel.travelocity.com/checkout/PostDisplayTraveler.do;jsessionid\=5244E9C4701E69F054D28CB654946F3C.p0239,travel.travelocity.com,CheckoutSeatMap,205
https://travel.travelocity.com/checkout/PostDisplayTraveler.do;jsessionid\=5244E9C4701E69F054D28CB654946F3C.p0239,12/9/2007 15:51,12/9/2007 15:51,0,https://travel.travelocity.com/checkout/PostReview.do;jsessionid=5244E9C4\701E69F054D28CB654946F3C.p0239?SEQ=11971866998041192007,travel.travelocity.com,CheckoutDisplayContacts,204
https://travel.travelocity.com/checkout/CheckoutReview.do;jsessionid=5244\E9C4701E69F054D28CB654946F3C.p0239?leg=21&targetLegIndex=1&breadcrumbStart=1&s\ortOrder=TOTAL_FARE_ASCENDING&recordNo=14&dispNewTimeStamp=&pathIndicatorCode=\KIA&flightPath=TF,12/9/2007 15:50,12/9/2007 15:50,0,http://travel.travelocity.com/flights/SelectOutboundLegAction.do?leg=50&t\argetLegIndex=0&breadcrumbStart=1&sortOrder=TOTAL_FARE_ASCENDING&recordNo=19&d\ispNewTimeStamp=&pathIndicatorCode=KIA&flightPath=TF,travel.travelocity.com,CheckoutReview,201
https://travel.travelocity.com/checkout/PostReview.do;jsessionid=5244E9C4\701E69F054D28CB654946F3C.p0239?SEQ=11971866998041192007,12/9/2007 15:50,12/9/2007 15:50,0,https://travel.travelocity.com/checkout/UpdateInsuranceAction.do;jsession\id=5244E9C4701E69F054D28CB654946F3C.p0239?,travel.travelocity.com,CheckoutTravelerInfo,203
https://travel.travelocity.com/checkout/UpdateInsuranceAction.do;jsession\id=5244E9C4701E69F054D28CB654946F3C.p0239?#INSURANCE,12/9/2007 15:50,12/9/2007 15:50,0,https://travel.travelocity.com/checkout/CheckoutReview.do;jsessionid=5244\E9C4701E69F054D28CB654946F3C.p0239?leg=21&targetLegIndex=1&breadcrumbStart=1&s\ortOrder=TOTAL_FARE_ASCENDING&recordNo=14&dispNewTimeStamp=&pathIndicatorCode=\KIA&flightPath=TF,travel.travelocity.com,CheckoutReview,202
http://dm.travelocity.com/html.ng/adsize=125x125&site=travelocity&cobrand\=TRAVELOCITY&locale=en&area=air&orig=IAD&random=593835,12/9/2007 15:49,12/9/2007 15:49,0,http://travel.travelocity.com/flights/ResolveAirportAction.do;jsessionid=\5244E9C4701E69F054D28CB654946F3C.p0239?SEQ=11971865900141192007,dm.travelocity.com,,186
http://dm.travelocity.com/html.ng/adsize=125x125&site=travelocity&cobrand\=TRAVELOCITY&locale=en&pagepos=1&area=air&orig=IAD&dest=SJO&random=625634,12/9/2007 15:49,12/9/2007 15:49,0,http://travel.travelocity.com/flights/AirSearch.do?SEQ=119718660781511920\07,dm.travelocity.com,,194
http://dm.travelocity.com/html.ng/adsize=125x125&site=travelocity&cobrand\=TRAVELOCITY&locale=en&pagepos=1&area=air&orig=IAD&dest=SJO&random=650946,12/9/2007 15:49,12/9/2007 15:49,0,http://travel.travelocity.com/flights/SelectOutboundLegAction.do?leg=50&t\argetLegIndex=0&breadcrumbStart=1&sortOrder=TOTAL_FARE_ASCENDING&recordNo=19&d\ispNewTimeStamp=&pathIndicatorCode=KIA&flightPath=TF,dm.travelocity.com,,199
http://dm.travelocity.com/html.ng/adsize=160x600&site=travelocity&cobrand\=TRAVELOCITY&locale=en&area=air&orig=IAD&dest=SJO&random=625634,12/9/2007 15:49,12/9/2007 15:49,0,http://travel.travelocity.com/flights/AirSearch.do?SEQ=119718660781511920\07,dm.travelocity.com,,193
http://dm.travelocity.com/html.ng/adsize=160x600&site=travelocity&cobrand\=TRAVELOCITY&locale=en&area=air&orig=IAD&dest=SJO&random=650945,12/9/2007 15:49,12/9/2007 15:49,0,http://travel.travelocity.com/flights/SelectOutboundLegAction.do?leg=50&t\argetLegIndex=0&breadcrumbStart=1&sortOrder=TOTAL_FARE_ASCENDING&recordNo=19&d\ispNewTimeStamp=&pathIndicatorCode=KIA&flightPath=TF,dm.travelocity.com,,198
http://dm.travelocity.com/html.ng/adsize=468x60&site=travelocity&cobrand=\TRAVELOCITY&locale=en&area=air&orig=IAD&dest=COSTA%20RICA&air_seg=1&car_seg=0&\hot_seg=0&cruise_seg=0&adloc=NA&random=593818,12/9/2007 15:49,12/9/2007 15:49,0,http://travel.travelocity.com/flights/ResolveAirportAction.do;jsessionid=\5244E9C4701E69F054D28CB654946F3C.p0239?SEQ=11971865900141192007,dm.travelocity.com,,185
http://dm.travelocity.com/html.ng/adsize=468x60&site=travelocity&cobrand=\TRAVELOCITY&locale=en&area=air&orig=IAD&dest=SJO&air_seg=1&car_seg=0&hot_seg=0\&cruise_seg=0&adloc=NA&random=625475,12/9/2007 15:49,12/9/2007 15:49,0,http://travel.travelocity.com/flights/AirSearch.do?SEQ=119718660781511920\07,dm.travelocity.com,,192
http://dm.travelocity.com/html.ng/adsize=468x60&site=travelocity&cobrand=\TRAVELOCITY&locale=en&area=air&orig=IAD&dest=SJO&air_seg=1&car_seg=0&hot_seg=0\&cruise_seg=0&adloc=NA&random=650805,12/9/2007 15:49,12/9/2007 15:49,0,http://travel.travelocity.com/flights/SelectOutboundLegAction.do?leg=50&t\argetLegIndex=0&breadcrumbStart=1&sortOrder=TOTAL_FARE_ASCENDING&recordNo=19&d\ispNewTimeStamp=&pathIndicatorCode=KIA&flightPath=TF,dm.travelocity.com,,197
http://dm.travelocity.com/html.ng/site=travelocity&cobrand=TRAVELOCITY&ad\size=300x250&area=air&section=wait&orig=IAD&dest=Costa%20Rica&random=885509116\?,12/9/2007 15:49,12/9/2007 15:49,0,http://travel.travelocity.com/flights/Timekeeper.do?resolvedAirport=SJO|S\an%20Jose%20Juan%20Santamaria%20Airport|San%20Jose|XX|Costa%20Rica|CR&index=1&\currentPage=NewSearch,dm.travelocity.com,,188
http://dm.travelocity.com/html.ng/site=travelocity&cobrand=TRAVELOCITY&ad\size=300x250&area=air&section=wait&orig=IAD&dest=SJO&random=929153514?,12/9/2007 15:49,12/9/2007 15:49,0,http://travel.travelocity.com/flights/ResolveAirportAction.do?index=1&SEQ\=11971866058931192007,dm.travelocity.com,,190
http://travel.travelocity.com/flights/AirSearch.do?SEQ=119718660781511920\07,12/9/2007 15:49,12/9/2007 15:49,0,http://travel.travelocity.com/flights/ResolveAirportAction.do?index=1&SEQ\=11971866058931192007,travel.travelocity.com,Travelocity:?????????Search Results,191
http://travel.travelocity.com/flights/CalendarPallet.do,12/9/2007 15:49,12/9/2007 15:49,4,http://travel.travelocity.com/flights/AirSearch.do?SEQ=119718660781511920\07,travel.travelocity.com,,195
http://travel.travelocity.com/flights/ResolveAirportAction.do?index=1&SEQ\=11971866058931192007,12/9/2007 15:49,12/9/2007 15:49,0,http://travel.travelocity.com/flights/Timekeeper.do?resolvedAirport=SJO|S\an%20Jose%20Juan%20Santamaria%20Airport|San%20Jose|XX|Costa%20Rica|CR&index=1&\currentPage=NewSearch,travel.travelocity.com,Hold tight - We'll be back right away with great deals!,189
http://travel.travelocity.com/flights/SelectOutboundLegAction.do?leg=21&t\argetLegIndex=1&breadcrumbStart=1&sortOrder=TOTAL_FARE_ASCENDING&recordNo=14&d\ispNewTimeStamp=&pathIndicatorCode=KIA&flightPath=TF,12/9/2007 15:49,12/9/2007 15:49,0,http://travel.travelocity.com/flights/SelectOutboundLegAction.do?leg=50&t\argetLegIndex=0&breadcrumbStart=1&sortOrder=TOTAL_FARE_ASCENDING&recordNo=19&d\ispNewTimeStamp=&pathIndicatorCode=KIA&flightPath=TF,travel.travelocity.com,,200
http://travel.travelocity.com/flights/SelectOutboundLegAction.do?leg=50&t\argetLegIndex=0&breadcrumbStart=1&sortOrder=TOTAL_FARE_ASCENDING&recordNo=19&d\ispNewTimeStamp=&pathIndicatorCode=KIA&flightPath=TF,12/9/2007 15:49,12/9/2007 15:49,0,http://travel.travelocity.com/flights/AirSearch.do?SEQ=119718660781511920\07,travel.travelocity.com,Travelocity:???????Search Results,196
http://travel.travelocity.com/flights/Timekeeper.do?resolvedAirport=SJO|S\an%20Jose%20Juan%20Santamaria%20Airport|San%20Jose|XX|Costa%20Rica|CR&index=1&\currentPage=NewSearch,12/9/2007 15:49,12/9/2007 15:49,0,http://travel.travelocity.com/flights/ResolveAirportAction.do;jsessionid=\5244E9C4701E69F054D28CB654946F3C.p0239?SEQ=11971865900141192007,travel.travelocity.com,Hold tight - We'll be back right away with great deals!,187
http://dm.travelocity.com/html.ng/site=travelocity&cobrand=&area=air&sect\ion=pop&pagepos=2&adsize=501x268&orig=DULLES&dest=COSTA%20RICA&random=21484551\8482?,12/9/2007 15:48,12/9/2007 15:48,0,http://www.travelocity.com/popWindow?s_theDomain=travelocity.com&s_select\edForm=formair&a_formPrefix=undefined&a_fromDate=30&a_fromMonth=11&s_theAdtoSh\ow=ad3&b_inDateRng=false&s_dest=Costa%20Rica&s_orig=Dulles,dm.travelocity.com,,182
http://travel.travelocity.com/flights/InitialSearch.do,12/9/2007 15:48,12/9/2007 15:48,0,http://travelocity.com/,travel.travelocity.com,Hold tight - We'll be back right away with great deals!,183
http://travel.travelocity.com/flights/ResolveAirportAction.do;jsessionid=\5244E9C4701E69F054D28CB654946F3C.p0239?SEQ=11971865900141192007,12/9/2007 15:48,12/9/2007 15:48,0,http://travel.travelocity.com/flights/InitialSearch.do,travel.travelocity.com,Travelocity:???????? ??????? ?????,184
http://www.travelocity.com/popWindow?s_theDomain=travelocity.com&s_select\edForm=formair&a_formPrefix=undefined&a_fromDate=30&a_fromMonth=11&s_theAdtoSh\ow=ad3&b_inDateRng=false&s_dest=Costa%20Rica&s_orig=Dulles,12/9/2007 15:48,12/9/2007 15:48,0,http://travelocity.com/,travelocity.com,Travel Deals,181
http://dm.travelocity.com/html.ng/site=travelocity&cobrand=TRAVELOCITY&ad\size=728x90&area=homepage&random=-12443576181197186529?,12/9/2007 15:47,12/9/2007 15:47,0,http://travelocity.com/,dm.travelocity.com,,180
http://dm.travelocity.com/html.ng/site=travelocity&cobrand=TRAVELOCITY&ar\ea=homepage&adsize=455x200&random=738419.3253932194?,12/9/2007 15:47,12/9/2007 15:47,0,http://travelocity.com/,dm.travelocity.com,,178
http://milw0rm.com/exploits/1596,12/9/2007 15:34,12/9/2007 15:42,2,http://milw0rm.com/platforms/linux,milw0rm.com,X.Org X11 X11R6.9.0/X11R7.0,174
http://milw0rm.com/exploits/1831,12/9/2007 15:34,12/9/2007 15:34,0,http://milw0rm.com/platforms/linux,milw0rm.com,tiffsplit libtiff <= 3.8.2,173
http://milw0rm.com/exploits/2013,12/9/2007 15:32,12/9/2007 15:32,0,http://milw0rm.com/platforms/linux,milw0rm.com,Linux Kernel <= 2.6.17.4 proc,172
http://milw0rm.com/exploits/2492,12/9/2007 15:30,12/9/2007 15:30,0,http://milw0rm.com/platforms/linux,milw0rm.com,Infecting Elf Binaries to Gain Local Root Exploit,171
http://milw0rm.com/platforms/linux,12/9/2007 15:24,12/9/2007 15:27,2,http://milw0rm.com/platforms/,milw0rm.com,milw0rm - exploits : vulnerabilities : videos : papers : shellcode,167
http://pagead2.googlesyndication.com/pagead/ads?client=ca-pub-07185559794\86542&dt=1197185277504&lmt=1197185276&format=468x60_as&output=html&correlator=\1197185277491&channel=1394564144&url=http%3A%2F%2Fmilw0rm.com%2Fplatforms%2Fli\nux&color_bg=141414&color_text=000000&color_link=00c000&color_url=00c000&color\_border=000000&ad_type=text&ui=rc%3A0&cc=9&ga_vid=1360800874.1197185278&ga_sid\=1197185278&ga_hid=401128920&flash=0&u_h=1004&u_w=1900&u_ah=954&u_aw=1900&u_cd\=24&u_tz=-300&u_his=1&u_java=true,12/9/2007 15:27,12/9/2007 15:27,0,http://milw0rm.com/platforms/linux,pagead2.googlesyndication.com,,170
http://milw0rm.com/exploits/4028,12/9/2007 15:25,12/9/2007 15:25,0,http://milw0rm.com/platforms/linux,milw0rm.com,screen 4.0.3 Local Authentication Bypass Vulnerability,169
http://milw0rm.com/metasploit/68,12/9/2007 15:24,12/9/2007 15:24,0,http://framework.metasploit.com/exploits/view/?refname=multi:svn:svnserve\_date,milw0rm.com,milw0rm - metasploit section,163
http://milw0rm.com/platforms/,12/9/2007 15:24,12/9/2007 15:24,0,http://milw0rm.com/metasploit/68,milw0rm.com,milw0rm - exploits : vulnerabilities : videos : papers : shellcode,165
http://pagead2.googlesyndication.com/pagead/ads?client=ca-pub-07185559794\86542&dt=1197185061309&lmt=1197185061&format=468x60_as&output=html&correlator=\1197185061308&channel=1394564144&url=http%3A%2F%2Fmilw0rm.com%2Fmetasploit%2F6\8&color_bg=141414&color_text=000000&color_link=00c000&color_url=00c000&color_b\order=000000&ad_type=text&ref=http%3A%2F%2Fframework.metasploit.com%2Fexploits\%2Fview%2F%3Frefname%3Dmulti%3Asvn%3Asvnserve_date&ui=rc%3A0&cc=100&ga_vid=245\780068.1197185061&ga_sid=1197185061&ga_hid=1245258127&flash=0&u_h=1004&u_w=190\0&u_ah=954&u_aw=1900&u_cd=24&u_tz=-300&u_his=1&u_java=true,12/9/2007 15:24,12/9/2007 15:24,0,http://milw0rm.com/metasploit/68,pagead2.googlesyndication.com,,164
http://pagead2.googlesyndication.com/pagead/ads?client=ca-pub-07185559794\86542&dt=1197185072301&lmt=1197185072&format=468x60_as&output=html&correlator=\1197185072301&channel=1394564144&url=http%3A%2F%2Fmilw0rm.com%2Fplatforms%2F&c\olor_bg=141414&color_text=000000&color_link=00c000&color_url=00c000&color_bord\er=000000&ad_type=text&ref=http%3A%2F%2Fmilw0rm.com%2Fmetasploit%2F68&ui=rc%3A\0&cc=100&ga_vid=1097112958.1197185072&ga_sid=1197185072&ga_hid=464658203&flash\=0&u_h=1004&u_w=1900&u_ah=954&u_aw=1900&u_cd=24&u_tz=-300&u_his=2&u_java=true,12/9/2007 15:24,12/9/2007 15:24,0,http://milw0rm.com/platforms/,pagead2.googlesyndication.com,,166
http://pagead2.googlesyndication.com/pagead/ads?client=ca-pub-07185559794\86542&dt=1197185076431&lmt=1197185075&format=468x60_as&output=html&correlator=\1197185076431&channel=1394564144&url=http%3A%2F%2Fmilw0rm.com%2Fplatforms%2Fli\nux&color_bg=141414&color_text=000000&color_link=00c000&color_url=00c000&color\_border=000000&ad_type=text&ref=http%3A%2F%2Fmilw0rm.com%2Fplatforms%2F&ui=rc%\3A0&cc=9&ga_vid=1038586235.1197185076&ga_sid=1197185076&ga_hid=2008792804&flas\h=0&u_h=1004&u_w=1900&u_ah=954&u_aw=1900&u_cd=24&u_tz=-300&u_his=3&u_java=true,12/9/2007 15:24,12/9/2007 15:24,0,http://milw0rm.com/platforms/linux,pagead2.googlesyndication.com,,168
http://framework.metasploit.com/exploits/view/?refname=multi:svn:svnserve\_date,12/9/2007 15:23,12/9/2007 15:23,0,http://framework.metasploit.com/exploits/list,framework.metasploit.com,The Metasploit Framework,162
http://framework.metasploit.com/,12/9/2007 14:29,12/9/2007 14:29,0,http://metasploit.org/research.html,framework.metasploit.com,The Metasploit Framework,159
http://framework.metasploit.com/exploits/list,12/9/2007 14:29,12/9/2007 14:29,0,http://framework.metasploit.com/msf/modules,framework.metasploit.com,The Metasploit Framework,161
http://framework.metasploit.com/msf/modules,12/9/2007 14:29,12/9/2007 14:29,0,http://framework.metasploit.com/,framework.metasploit.com,The Metasploit Framework,160
http://metasploit.org/opcode_database.html,12/9/2007 14:29,12/9/2007 14:29,0,http://metasploit.org/,metasploit.org,The Metasploit Project,157
http://metasploit.org/research.html,12/9/2007 14:29,12/9/2007 14:29,0,http://metasploit.org/opcode_database.html,metasploit.org,The Metasploit Project,158
http://metasploit.org/,12/9/2007 14:28,12/9/2007 14:28,2,,metasploit.org,The Metasploit Project,156
http://www.google.com.qa/,12/9/2007 14:27,12/9/2007 14:27,0,http://www.google.com.qa/webhp?hl=ar,google.com.qa,Google,155
http://www.google.com.qa/setprefs?sig=0_DmfvnB9q8HLGZs0j8oe0X54EJRQ=&hl=e\n,12/9/2007 14:27,12/9/2007 14:27,0,http://www.google.com.qa/webhp?hl=ar,google.com.qa,,154
http://www.google.com.qa/webhp?hl=ar,12/9/2007 14:27,12/9/2007 14:27,0,http://www.google.com.qa/search?q=privilege+elevation+2.6.19&start=0&ie=u\tf-8&oe=utf-8&client=firefox-a&rls=org.mozilla:en-US:official,google.com.qa,Google,153
http://209.85.135.104/search?q=cache:PcX9iRnuEVgJ:archives.neohapsis.com/\archives/cve/2002-q1/0001.html+privilege+elevation+2.6.19&hl=ar&ct=clnk&cd=9&g\l=qa&client=firefox-a,12/9/2007 14:26,12/9/2007 14:26,0,http://www.google.com.qa/search?q=privilege+elevation+2.6.19&start=0&ie=u\tf-8&oe=utf-8&client=firefox-a&rls=org.mozilla:en-US:official,209.85.135.104,NEOHAPSIS - Peace of Mind Through Integrity and Insight,152
http://www.isec.pl/vulnerabilities/isec-0023-coredump.txt,12/9/2007 14:22,12/9/2007 14:22,0,http://cve.mitre.org/cgi-bin/cvename.cgi?name=CAN-2005-1263,isec.pl,,151
http://cve.mitre.org/cgi-bin/cvename.cgi?name=CAN-2005-1263,12/9/2007 14:21,12/9/2007 14:21,0,http://www.google.com.qa/search?q=CAN-2005-1263&start=0&ie=utf-8&oe=utf-8\&client=firefox-a&rls=org.mozilla:en-US:official,cve.mitre.org,CVE - CVE-2005-1263 under review,150
http://www.google.com.qa/search?q=CAN-2005-1263&start=0&ie=utf-8&oe=utf-8\&client=firefox-a&rls=org.mozilla:en-US:official,12/9/2007 14:21,12/9/2007 14:21,0,,google.com.qa,CAN-2005-1263 - ?? ???????,148
http://www.google.com.qa/url?sa=t&ct=res&cd=1&url=http%3A%2F%2Fcve.mitre.\org%2Fcgi-bin%2Fcvename.cgi%3Fname%3DCAN-2005-1263&ei=molbR-bTNpvMnQO4yZHCCQ&u\sg=AFQjCNFRETXJmiAJTdUVmtDElckQcA-djA&sig2=VGwFyl41avM-yycKX_2OZQ,12/9/2007 14:21,12/9/2007 14:21,0,http://www.google.com.qa/search?q=CAN-2005-1263&start=0&ie=utf-8&oe=utf-8\&client=firefox-a&rls=org.mozilla:en-US:official,google.com.qa,,149
http://www.google.com/search?q=CAN-2005-1263&start=0&ie=utf-8&oe=utf-8&cl\ient=firefox-a&rls=org.mozilla:en-US:official,12/9/2007 14:21,12/9/2007 14:21,0,,google.com,,147
http://pagead2.googlesyndication.com/pagead/ads?client=ca-pub-37775658885\11862&dt=1197181172114&lmt=1114252684&alternate_ad_url=http%3A%2F%2Fwww.derkei\ler.com%2Fads%2Fdefault%2Fg_www_derkeiler_com.php&format=728x90_as&output=html\&correlator=1197181172101&channel=1004254852&url=http%3A%2F%2Fwww.derkeiler.co\m%2FNewsgroups%2Fcomp.os.linux.security%2F2005-04%2F0316.html&color_bg=FFFFFF&\color_text=000000&color_link=003366&color_url=000000&color_border=CCCCCC&ref=h\ttp%3A%2F%2Fwww.google.com.qa%2Fsearch%3Fq%3Dprivilege%2Belevation%2B2.6.19%26\start%3D0%26ie%3Dutf-8%26oe%3Dutf-8%26client%3Dfirefox-a%26rls%3Dorg.mozilla%3\Aen-US%3Aofficial&ga_vid=458346362.1197181172&ga_sid=1197181172&ga_hid=1761027\056&flash=0&u_h=1004&u_w=1900&u_ah=954&u_aw=1900&u_cd=24&u_tz=-300&u_his=2&u_j\ava=true,12/9/2007 14:19,12/9/2007 14:19,0,http://www.derkeiler.com/Newsgroups/comp.os.linux.security/2005-04/0316.h\tml,pagead2.googlesyndication.com,,143
http://parasol.tamu.edu/people/jack/myRPMS/PAPI/perfctr-kernels/RHEL/kern\el-smp-devel-2.6.9-22.0.2.EL.perfctr.2.6.19.i686.rpm.txt,12/9/2007 14:19,12/9/2007 14:19,0,http://www.google.com.qa/search?q=privilege+elevation+2.6.19&start=0&ie=u\tf-8&oe=utf-8&client=firefox-a&rls=org.mozilla:en-US:official,parasol.tamu.edu,,146
http://www.derkeiler.com/ads/default/tf_ROS_sky_def.php?rnd=1274107825,12/9/2007 14:19,12/9/2007 14:19,0,http://www.derkeiler.com/Newsgroups/comp.os.linux.security/2005-04/0316.h\tml,derkeiler.com,,144
http://www.derkeiler.com/Newsgroups/comp.os.linux.security/2005-04/0316.h\tml,12/9/2007 14:19,12/9/2007 14:19,0,http://www.google.com.qa/search?q=privilege+elevation+2.6.19&start=0&ie=u\tf-8&oe=utf-8&client=firefox-a&rls=org.mozilla:en-US:official,derkeiler.com,comp.os.linux.security: Re: Sysmask security challenge: useful or not?,142
http://www.google.com.qa/url?sa=t&ct=res&cd=1&url=http%3A%2F%2Fparasol.ta\mu.edu%2Fpeople%2Fjack%2FmyRPMS%2FPAPI%2Fperfctr-kernels%2FRHEL%2Fkernel-smp-d\evel-2.6.9-22.0.2.EL.perfctr.2.6.19.i686.rpm.txt&ei=A4lbR6WDKaTAnAOy4PGkCQ&usg\=AFQjCNFW92cv3C4pM1S7UESkF1qlhV5Xbg&sig2=kUFQsRweuZm2OMoniJeYyw,12/9/2007 14:19,12/9/2007 14:19,0,http://www.google.com.qa/search?q=privilege+elevation+2.6.19&start=0&ie=u\tf-8&oe=utf-8&client=firefox-a&rls=org.mozilla:en-US:official,google.com.qa,,145
http://www.google.com.qa/url?sa=t&ct=res&cd=2&url=http%3A%2F%2Fwww.derkei\ler.com%2FNewsgroups%2Fcomp.os.linux.security%2F2005-04%2F0316.html&ei=A4lbR6W\DKaTAnAOy4PGkCQ&usg=AFQjCNFjLtWOQnfK9-iMMTDOL4mR5LXYoQ&sig2=e7gQCyu5mEmtdxPYa7\ddkQ,12/9/2007 14:19,12/9/2007 14:19,0,http://www.google.com.qa/search?q=privilege+elevation+2.6.19&start=0&ie=u\tf-8&oe=utf-8&client=firefox-a&rls=org.mozilla:en-US:official,google.com.qa,,141
http://www.google.com.qa/search?q=privilege+elevation+2.6.19&start=0&ie=u\tf-8&oe=utf-8&client=firefox-a&rls=org.mozilla:en-US:official,12/9/2007 14:18,12/9/2007 14:18,0,,google.com.qa,privilege elevation 2.6.19 - ?? ???????,140
http://www.google.com/search?q=privilege+elevation+2.6.19&start=0&ie=utf-\8&oe=utf-8&client=firefox-a&rls=org.mozilla:en-US:official,12/9/2007 14:18,12/9/2007 14:18,0,,google.com,,139
http://en.wikipedia.org/wiki/Maldives,12/9/2007 14:10,12/9/2007 14:10,0,http://www.google.com.qa/search?q=maldives&start=0&ie=utf-8&oe=utf-8&clie\nt=firefox-a&rls=org.mozilla:en-US:official,en.wikipedia.org,"Maldives - Wikipedia, the free encyclopedia",138
http://www.google.com.qa/url?sa=t&ct=res&cd=3&url=http%3A%2F%2Fen.wikiped\ia.org%2Fwiki%2FMaldives&ei=z4ZbR_O0OZTAnAPOoo21CQ&usg=AFQjCNEpMfoeZ305UiJgUVF\ziGNXFm1cEg&sig2=6W5LYS-ECp-12Ey4ZSZ78A,12/9/2007 14:10,12/9/2007 14:10,0,http://www.google.com.qa/search?q=maldives&start=0&ie=utf-8&oe=utf-8&clie\nt=firefox-a&rls=org.mozilla:en-US:official,google.com.qa,,137
http://www.google.com.qa/search?q=maldives&start=0&ie=utf-8&oe=utf-8&clie\nt=firefox-a&rls=org.mozilla:en-US:official,12/9/2007 14:09,12/9/2007 14:09,0,,google.com.qa,maldives - ?? ???????,136
http://www.google.com/search?q=maldives&start=0&ie=utf-8&oe=utf-8&client=\firefox-a&rls=org.mozilla:en-US:official,12/9/2007 14:09,12/9/2007 14:09,0,,google.com,,135
http://travel.state.gov/law/info/judicial/judicial_690.html,12/9/2007 14:08,12/9/2007 14:08,0,http://www.escapeartist.com/expatriate/Overseas_Judicial_Information.html,travel.state.gov,Mutual Legal Assistance MLAT,134
http://travel.state.gov/law/mlat.html,12/9/2007 14:08,12/9/2007 14:08,0,http://www.escapeartist.com/expatriate/Overseas_Judicial_Information.html,travel.state.gov,,133
http://www.escapeartist.com/expatriate/Overseas_Judicial_Information.html,12/9/2007 14:07,12/9/2007 14:07,0,http://www.escapeartist.com/oque/living.html,escapeartist.com,Overseas Judicial Information by Subject - Find out what your rights are as an American Abroad,132
http://www.escapeartist.com/oque/living.html,12/9/2007 14:06,12/9/2007 14:06,0,http://www.google.com.qa/search?q=extradition+costa+rica&start=0&ie=utf-8\&oe=utf-8&client=firefox-a&rls=org.mozilla:en-US:official,escapeartist.com,Moving to Costa Rica - Living & Working in Costa Rica,131
http://www.google.com.qa/search?q=extradition+costa+rica&start=0&ie=utf-8\&oe=utf-8&client=firefox-a&rls=org.mozilla:en-US:official,12/9/2007 14:06,12/9/2007 14:06,0,,google.com.qa,extradition costa rica - ?? ???????,129
http://www.google.com.qa/url?sa=t&ct=res&cd=2&url=http%3A%2F%2Fwww.escape\artist.com%2Foque%2Fliving.html&ei=CoZbR9GhEaCOnAOvi4W6CQ&usg=AFQjCNEvSiZfpfiZ\0lZO6oBK7ZbcC6krEw&sig2=yCmdYZcpJ46qr2Nv5q9HtA,12/9/2007 14:06,12/9/2007 14:06,0,http://www.google.com.qa/search?q=extradition+costa+rica&start=0&ie=utf-8\&oe=utf-8&client=firefox-a&rls=org.mozilla:en-US:official,google.com.qa,,130
http://www.google.com/search?q=extradition+costa+rica&start=0&ie=utf-8&oe\=utf-8&client=firefox-a&rls=org.mozilla:en-US:official,12/9/2007 14:06,12/9/2007 14:06,0,,google.com,,128
http://pagead2.googlesyndication.com/pagead/ads?client=ca-pub-33878874843\87515&dt=1197180300697&hints=Arrests%2C%20Searches%2C%20Warrants%20%26amp%3B%2\0Procedure&lmt=1197180299&prev_fmts=728x15_0ads_al_s%2C728x90_as%2C728x90_as&f\ormat=160x600_as&output=html&correlator=1197180300697&channel=8719662302&url=h\ttp%3A%2F%2Fforum.freeadvice.com%2Fshowthread.php%3Freferrerid%3D246160%26t%3D\379860&color_bg=FFFFFF&color_text=000000&color_link=0070AA&color_url=0070AA&co\lor_border=FFFFFF&ad_type=text_image&ref=http%3A%2F%2Fwww.google.com.qa%2Fsear\ch%3Fq%3Dnon-extradition%2Bcountries%26start%3D0%26ie%3Dutf-8%26oe%3Dutf-8%26c\lient%3Dfirefox-a%26rls%3Dorg.mozilla%3Aen-US%3Aofficial&cc=100&ga_vid=1662209\477.1197180233&ga_sid=1197180233&ga_hid=1651035527&ga_fc=true&flash=0&u_h=1004\&u_w=1900&u_ah=954&u_aw=1900&u_cd=24&u_tz=-300&u_his=5&u_java=true,12/9/2007 14:05,12/9/2007 14:05,0,http://forum.freeadvice.com/showthread.php?referrerid=246160&t=379860,pagead2.googlesyndication.com,,127
http://forum.freeadvice.com/showthread.php?referrerid=246160&t=379860,12/9/2007 14:04,12/9/2007 14:04,0,http://www.google.com.qa/search?q=non-extradition+countries&start=0&ie=ut\f-8&oe=utf-8&client=firefox-a&rls=org.mozilla:en-US:official,forum.freeadvice.com,statute of limitations/non extradition countries - FreeAdvice Forums,123
http://pagead2.googlesyndication.com/pagead/ads?client=ca-pub-33878874843\87515&dt=1197180299865&lmt=1197180299&format=728x15_0ads_al_s&output=html&corr\elator=1197180299864&channel=9437285283&url=http%3A%2F%2Fforum.freeadvice.com%\2Fshowthread.php%3Freferrerid%3D246160%26t%3D379860&color_bg=FFFFFF&color_text\=000000&color_link=0070AA&color_url=0070AA&color_border=FFFFFF&ref=http%3A%2F%\2Fwww.google.com.qa%2Fsearch%3Fq%3Dnon-extradition%2Bcountries%26start%3D0%26i\e%3Dutf-8%26oe%3Dutf-8%26client%3Dfirefox-a%26rls%3Dorg.mozilla%3Aen-US%3Aoffi\cial&cc=100&ga_vid=1662209477.1197180233&ga_sid=1197180233&ga_hid=1651035527&g\a_fc=true&flash=0&u_h=1004&u_w=1900&u_ah=954&u_aw=1900&u_cd=24&u_tz=-300&u_his\=5&u_java=true,12/9/2007 14:04,12/9/2007 14:04,0,http://forum.freeadvice.com/showthread.php?referrerid=246160&t=379860,pagead2.googlesyndication.com,,124
http://pagead2.googlesyndication.com/pagead/ads?client=ca-pub-33878874843\87515&dt=1197180300024&hints=Arrests%2C%20Searches%2C%20Warrants%20%26amp%3B%2\0Procedure&lmt=1197180299&prev_fmts=728x15_0ads_al_s&format=728x90_as&output=h\tml&correlator=1197180300023&channel=5385318761&url=http%3A%2F%2Fforum.freeadv\ice.com%2Fshowthread.php%3Freferrerid%3D246160%26t%3D379860&color_bg=FFFFFF&co\lor_text=000000&color_link=0070AA&color_url=0070AA&color_border=FFFFFF&ad_type\=text_image&ref=http%3A%2F%2Fwww.google.com.qa%2Fsearch%3Fq%3Dnon-extradition%\2Bcountries%26start%3D0%26ie%3Dutf-8%26oe%3Dutf-8%26client%3Dfirefox-a%26rls%3\Dorg.mozilla%3Aen-US%3Aofficial&cc=100&ga_vid=1662209477.1197180233&ga_sid=119\7180233&ga_hid=1651035527&ga_fc=true&flash=0&u_h=1004&u_w=1900&u_ah=954&u_aw=1\900&u_cd=24&u_tz=-300&u_his=5&u_java=true,12/9/2007 14:04,12/9/2007 14:04,0,http://forum.freeadvice.com/showthread.php?referrerid=246160&t=379860,pagead2.googlesyndication.com,,125
http://pagead2.googlesyndication.com/pagead/ads?client=ca-pub-33878874843\87515&dt=1197180300200&hints=Arrests%2C%20Searches%2C%20Warrants%20%26amp%3B%2\0Procedure&lmt=1197180299&prev_fmts=728x15_0ads_al_s%2C728x90_as&format=728x90\_as&output=html&correlator=1197180300200&channel=0167244451&url=http%3A%2F%2Ff\orum.freeadvice.com%2Fshowthread.php%3Freferrerid%3D246160%26t%3D379860&color_\bg=ffffff&color_text=000000&color_link=0070AA&color_url=0070aa&color_border=FF\FFFF&ad_type=text_image&ref=http%3A%2F%2Fwww.google.com.qa%2Fsearch%3Fq%3Dnon-\extradition%2Bcountries%26start%3D0%26ie%3Dutf-8%26oe%3Dutf-8%26client%3Dfiref\ox-a%26rls%3Dorg.mozilla%3Aen-US%3Aofficial&cc=100&ga_vid=1662209477.119718023\3&ga_sid=1197180233&ga_hid=1651035527&ga_fc=true&flash=0&u_h=1004&u_w=1900&u_a\h=954&u_aw=1900&u_cd=24&u_tz=-300&u_his=5&u_java=true,12/9/2007 14:04,12/9/2007 14:04,0,http://forum.freeadvice.com/showthread.php?referrerid=246160&t=379860,pagead2.googlesyndication.com,,126
http://www.google.com.qa/url?sa=t&ct=res&cd=2&url=http%3A%2F%2Fforum.free\advice.com%2Fshowthread.php%3Freferrerid%3D246160%26t%3D379860&ei=aIVbR_LbOKfG\nAPn99iuCQ&usg=AFQjCNEMrGoYV8OFWyvmyqsp3LRk0KdQow&sig2=09kqWi7ddZVikjwQdbWtGA,12/9/2007 14:04,12/9/2007 14:04,0,http://www.google.com.qa/search?q=non-extradition+countries&start=0&ie=ut\f-8&oe=utf-8&client=firefox-a&rls=org.mozilla:en-US:official,google.com.qa,,122
http://forum.freeadvice.com/showthread.php?t=206976,12/9/2007 14:03,12/9/2007 14:03,0,http://www.google.com.qa/search?q=non-extradition+countries&start=0&ie=ut\f-8&oe=utf-8&client=firefox-a&rls=org.mozilla:en-US:official,forum.freeadvice.com,what countries are non extradition? - FreeAdvice Forums,117
http://pagead2.googlesyndication.com/pagead/ads?client=ca-pub-33878874843\87515&dt=1197180232164&lmt=1197180227&format=728x15_0ads_al_s&output=html&corr\elator=1197180232150&channel=9437285283&url=http%3A%2F%2Fforum.freeadvice.com%\2Fshowthread.php%3Ft%3D206976&color_bg=FFFFFF&color_text=000000&color_link=007\0AA&color_url=0070AA&color_border=FFFFFF&ref=http%3A%2F%2Fwww.google.com.qa%2F\search%3Fq%3Dnon-extradition%2Bcountries%26start%3D0%26ie%3Dutf-8%26oe%3Dutf-8\%26client%3Dfirefox-a%26rls%3Dorg.mozilla%3Aen-US%3Aofficial&cc=100&ga_vid=392\850799.1197180232&ga_sid=1197180232&ga_hid=263569417&flash=0&u_h=1004&u_w=1900\&u_ah=954&u_aw=1900&u_cd=24&u_tz=-300&u_his=5&u_java=true,12/9/2007 14:03,12/9/2007 14:03,0,http://forum.freeadvice.com/showthread.php?t=206976,pagead2.googlesyndication.com,,118
http://pagead2.googlesyndication.com/pagead/ads?client=ca-pub-33878874843\87515&dt=1197180232219&hints=Other%20Government%20%26amp%3B%20Administrative%2\0Law%20Matters&lmt=1197180227&prev_fmts=728x15_0ads_al_s&format=728x90_as&outp\ut=html&correlator=1197180232219&channel=5385318761&url=http%3A%2F%2Fforum.fre\eadvice.com%2Fshowthread.php%3Ft%3D206976&color_bg=FFFFFF&color_text=000000&co\lor_link=0070AA&color_url=0070AA&color_border=FFFFFF&ad_type=text_image&ref=ht\tp%3A%2F%2Fwww.google.com.qa%2Fsearch%3Fq%3Dnon-extradition%2Bcountries%26star\t%3D0%26ie%3Dutf-8%26oe%3Dutf-8%26client%3Dfirefox-a%26rls%3Dorg.mozilla%3Aen-\US%3Aofficial&cc=100&ga_vid=392850799.1197180232&ga_sid=1197180232&ga_hid=2635\69417&flash=0&u_h=1004&u_w=1900&u_ah=954&u_aw=1900&u_cd=24&u_tz=-300&u_his=5&u\_java=true,12/9/2007 14:03,12/9/2007 14:03,0,http://forum.freeadvice.com/showthread.php?t=206976,pagead2.googlesyndication.com,,119
http://pagead2.googlesyndication.com/pagead/ads?client=ca-pub-33878874843\87515&dt=1197180232318&hints=Other%20Government%20%26amp%3B%20Administrative%2\0Law%20Matters&lmt=1197180227&prev_fmts=728x15_0ads_al_s%2C728x90_as&format=72\8x90_as&output=html&correlator=1197180232317&channel=0167244451&url=http%3A%2F\%2Fforum.freeadvice.com%2Fshowthread.php%3Ft%3D206976&color_bg=ffffff&color_te\xt=000000&color_link=0070AA&color_url=0070aa&color_border=FFFFFF&ad_type=text_\image&ref=http%3A%2F%2Fwww.google.com.qa%2Fsearch%3Fq%3Dnon-extradition%2Bcoun\tries%26start%3D0%26ie%3Dutf-8%26oe%3Dutf-8%26client%3Dfirefox-a%26rls%3Dorg.m\ozilla%3Aen-US%3Aofficial&cc=100&ga_vid=392850799.1197180232&ga_sid=1197180232\&ga_hid=263569417&flash=0&u_h=1004&u_w=1900&u_ah=954&u_aw=1900&u_cd=24&u_tz=-3\00&u_his=5&u_java=true,12/9/2007 14:03,12/9/2007 14:03,0,http://forum.freeadvice.com/showthread.php?t=206976,pagead2.googlesyndication.com,,120
http://pagead2.googlesyndication.com/pagead/ads?client=ca-pub-33878874843\87515&dt=1197180232750&hints=Other%20Government%20%26amp%3B%20Administrative%2\0Law%20Matters&lmt=1197180227&prev_fmts=728x15_0ads_al_s%2C728x90_as%2C728x90_\as&format=160x600_as&output=html&correlator=1197180232750&channel=8719662302&u\rl=http%3A%2F%2Fforum.freeadvice.com%2Fshowthread.php%3Ft%3D206976&color_bg=FF\FFFF&color_text=000000&color_link=0070AA&color_url=0070AA&color_border=FFFFFF&\ad_type=text_image&ref=http%3A%2F%2Fwww.google.com.qa%2Fsearch%3Fq%3Dnon-extra\dition%2Bcountries%26start%3D0%26ie%3Dutf-8%26oe%3Dutf-8%26client%3Dfirefox-a%\26rls%3Dorg.mozilla%3Aen-US%3Aofficial&cc=100&ga_vid=392850799.1197180232&ga_s\id=1197180232&ga_hid=263569417&flash=0&u_h=1004&u_w=1900&u_ah=954&u_aw=1900&u_\cd=24&u_tz=-300&u_his=5&u_java=true,12/9/2007 14:03,12/9/2007 14:03,0,http://forum.freeadvice.com/showthread.php?t=206976,pagead2.googlesyndication.com,,121
http://www.google.com.qa/search?q=non-extradition+countries&start=0&ie=ut\f-8&oe=utf-8&client=firefox-a&rls=org.mozilla:en-US:official,12/9/2007 14:03,12/9/2007 14:03,0,,google.com.qa,non-extradition countries - ?? ???????,115
http://www.google.com.qa/url?sa=t&ct=res&cd=1&url=http%3A%2F%2Fforum.free\advice.com%2Fshowthread.php%3Ft%3D206976&ei=aIVbR_LbOKfGnAPn99iuCQ&usg=AFQjCNE\Ggzu8T7Ly4FVO56xVc4v7HqY6bg&sig2=M6B8eAFtpB75eQLBabLAqA,12/9/2007 14:03,12/9/2007 14:03,0,http://www.google.com.qa/search?q=non-extradition+countries&start=0&ie=ut\f-8&oe=utf-8&client=firefox-a&rls=org.mozilla:en-US:official,google.com.qa,,116
http://www.google.com/search?q=non-extradition+countries&start=0&ie=utf-8\&oe=utf-8&client=firefox-a&rls=org.mozilla:en-US:official,12/9/2007 14:03,12/9/2007 14:03,0,,google.com,,114
http://www.google.com.qa/url?sa=t&ct=res&cd=1&url=http%3A%2F%2Fwww.state.\gov%2Fs%2Fl%2F16162.htm&ei=SoRbR576C5aUmwOJ48mxCQ&usg=AFQjCNEY07J63Ite84kRI9EC\sQMqNicuKQ&sig2=0BERduGQX3YGTwM9i7p5pQ,12/9/2007 13:59,12/9/2007 13:59,0,http://www.google.com.qa/search?q=panama+extradition&start=0&ie=utf-8&oe=\utf-8&client=firefox-a&rls=org.mozilla:en-US:official,google.com.qa,,112
http://www.state.gov/s/l/16162.htm,12/9/2007 13:59,12/9/2007 13:59,0,http://www.google.com.qa/search?q=panama+extradition&start=0&ie=utf-8&oe=\utf-8&client=firefox-a&rls=org.mozilla:en-US:official,state.gov,"20. Report on International Extradition Submitted to Congress Pursuant to Section 3203 of the Emergency Supplemental Act, 2000 as enacted in the Military Construction Appropriations Act, 2001",113
http://www.google.com.qa/search?q=panama+extradition&start=0&ie=utf-8&oe=\utf-8&client=firefox-a&rls=org.mozilla:en-US:official,12/9/2007 13:58,12/9/2007 13:58,0,,google.com.qa,panama extradition - ?? ???????,111
http://www.google.com/search?q=panama+extradition&start=0&ie=utf-8&oe=utf\-8&client=firefox-a&rls=org.mozilla:en-US:official,12/9/2007 13:58,12/9/2007 13:58,0,,google.com,,110
file:///usr/share/doc/HTML/index.html,12/8/2007 16:25,12/9/2007 13:57,3,,,Welcome to CentOS,0
https://pbs.noblebank.pl/login.php?msg=Brak+takiego+u%BFytkownika+lub+nie\poprawne+has%B3o+%21%21%21,12/9/2007 13:57,12/9/2007 13:57,0,https://pbs.noblebank.pl/login.php?powrot=index.php&msg=,pbs.noblebank.pl,.: Noble Bank - Personal Balance Sheet :.,109
https://pbs.noblebank.pl/zaloguj.php,12/9/2007 13:57,12/9/2007 13:57,0,https://pbs.noblebank.pl/login.php?powrot=index.php&msg=,pbs.noblebank.pl,,108
http://www.noblebank.pl/noble/index.jsp?place=Menu03&news_cat_id=189&layo\ut=5,12/9/2007 13:54,12/9/2007 13:56,4,http://www.noblebank.pl/noble/index.jsp?place=Menu02&news_cat_id=84&layou\t=extra&page=contactForm&gclid=CKmcwPrBmpACFQrAaAod5wh28A&tduid=9921e05cd3ee45\0de6cc57222348bf99&affId=1301876&frdt=yes,noblebank.pl,Noble Bank - English summary,101
http://www.noblebank.pl/noble/index.jsp?place=Menu01&news_cat_id=155&layo\ut=5,12/9/2007 13:55,12/9/2007 13:56,2,http://www.noblebank.pl/noble/index.jsp?place=Menu03&news_cat_id=189&layo\ut=5,noblebank.pl,Noble Bank - NOBLENET,105
https://pbs.noblebank.pl/,12/9/2007 13:56,12/9/2007 13:56,0,http://www.noblebank.pl/noble/index.jsp?place=Menu01&news_cat_id=155&layo\ut=5,pbs.noblebank.pl,,106
https://pbs.noblebank.pl/login.php?powrot=index.php&msg=,12/9/2007 13:56,12/9/2007 13:56,0,http://www.noblebank.pl/noble/index.jsp?place=Menu01&news_cat_id=155&layo\ut=5,pbs.noblebank.pl,.: Noble Bank - Personal Balance Sheet :.,107
http://www.noblebank.pl/noble/index.jsp,12/9/2007 13:55,12/9/2007 13:55,0,http://www.noblebank.pl/noble/index.jsp?place=Menu03&news_cat_id=189&layo\ut=5,noblebank.pl,,103
http://www.noblebank.pl/noble/index.jsp?place=Menu03&news_cat_id=86&layou\t=0,12/9/2007 13:55,12/9/2007 13:55,0,http://www.noblebank.pl/noble/index.jsp?place=Menu03&news_cat_id=189&layo\ut=5,noblebank.pl,Noble Bank - Strona gl???,104
http://clk.tradedoubler.com/click?p=50878&a=1301876&g=16912080&epi=privat\e-banking1&url=http://www.noblebank.pl/noble/index.jsp?place=Menu02&news_cat_i\d=84&layout=extra&page=contactForm&gclid=CKmcwPrBmpACFQrAaAod5wh28A,12/9/2007 13:54,12/9/2007 13:54,0,http://www.google.com.qa/search?q=private+banking&start=0&ie=utf-8&oe=utf\-8&client=firefox-a&rls=org.mozilla:en-US:official,clk.tradedoubler.com,,98
http://www.google.com.qa/pagead/iclk?sa=l&ai=Buhk_M4NbR_20F5uOnQP944S2Cur\B0TS-js2sBOLxuQrA_BUIABACGAIgtlQoAjgBUOua6sb9_____wFg-9TgBaABiqfY-gOqAR5vcmcub\W96aWxsYTplbi1VUzpvZmZpY2lhbCtjZnPIAQGAAgGpAoMP6HsPaZs-yALOu6oD2QPOrFlbBQDkew&\adurl=http://clk.tradedoubler.com/click%3Fp%3D50878%26a%3D1301876%26g%3D169120\80%26epi%3Dprivate-banking1%26url%3Dhttp://www.noblebank.pl/noble/index.jsp%3F\place%3DMenu02%26news_cat_id%3D84%26layout%3Dextra%26page%3DcontactForm,12/9/2007 13:54,12/9/2007 13:54,0,http://www.google.com.qa/search?q=private+banking&start=0&ie=utf-8&oe=utf\-8&client=firefox-a&rls=org.mozilla:en-US:official,google.com.qa,,96
http://www.googleadservices.com/pagead/adclick?sa=L&ai=Buhk_M4NbR_20F5uOn\QP944S2CurB0TS-js2sBOLxuQrA_BUIABACGAIgtlQoAjgBUOua6sb9_____wFg-9TgBaABiqfY-gO\qAR5vcmcubW96aWxsYTplbi1VUzpvZmZpY2lhbCtjZnPIAQGAAgGpAoMP6HsPaZs-yALOu6oD2QPOr\FlbBQDkew&adurl=http://clk.tradedoubler.com/click%3Fp%3D50878%26a%3D1301876%26\g%3D16912080%26epi%3Dprivate-banking1%26url%3Dhttp://www.noblebank.pl/noble/in\dex.jsp%3Fplace%3DMenu02%26news_cat_id%3D84%26layout%3Dextra%26page%3DcontactF\orm&val=ChBjYjliNWQxOThiOWM0Y2VjELOG7roEGghHhRfRsfMBDSAB,12/9/2007 13:54,12/9/2007 13:54,0,http://www.google.com.qa/search?q=private+banking&start=0&ie=utf-8&oe=utf\-8&client=firefox-a&rls=org.mozilla:en-US:official,googleadservices.com,,97
http://www.noblebank.pl/noble/index.jsp?place=Menu02&news_cat_id=84&layou\t=extra&page=contactForm&gclid=CKmcwPrBmpACFQrAaAod5wh28A&tduid=9921e05cd3ee45\0de6cc57222348bf99&affId=1301876&frdt=yes,12/9/2007 13:54,12/9/2007 13:54,0,http://www.google.com.qa/search?q=private+banking&start=0&ie=utf-8&oe=utf\-8&client=firefox-a&rls=org.mozilla:en-US:official,noblebank.pl,Noble Bank - KONTAKT,100
http://www.noblebank.pl/noble/index.jsp?tduid=9921e05cd3ee450de6cc5722234\8bf99&affId=1301876&url=http://www.noblebank.pl/noble/index.jsp?place=Menu02&n\ews_cat_id=84&layout=extra&page=contactForm&gclid=CKmcwPrBmpACFQrAaAod5wh28A,12/9/2007 13:54,12/9/2007 13:54,0,http://www.google.com.qa/search?q=private+banking&start=0&ie=utf-8&oe=utf\-8&client=firefox-a&rls=org.mozilla:en-US:official,noblebank.pl,,99
http://www.google.com.qa/search?q=private+banking&start=0&ie=utf-8&oe=utf\-8&client=firefox-a&rls=org.mozilla:en-US:official,12/9/2007 13:53,12/9/2007 13:53,0,,google.com.qa,private banking - ?? ???????,95
http://www.google.com/search?q=private+banking&start=0&ie=utf-8&oe=utf-8&\client=firefox-a&rls=org.mozilla:en-US:official,12/9/2007 13:53,12/9/2007 13:53,0,,google.com,,94
http://spreadsheets.google.com/femail?id=o17742632304305298979.6904981162\451457119.08953231559355367409.3362999466403390403&hl=en&to=%20%3Cfaatali%40ho\tmail.com%3E&cc=,12/9/2007 13:51,12/9/2007 13:52,2,http://spreadsheets.google.com/ccc?key=pI958hhN-OvZf1K54yGvTXw&hl=en,spreadsheets.google.com,,93
http://spreadsheets.google.com/c/ui/EmailAc?service=wise,12/8/2007 16:53,12/9/2007 13:50,2,http://spreadsheets.google.com/ccc?key=pI958hhN-OvZf1K54yGvTXw&hl=en,spreadsheets.google.com,,75
http://mail.google.com/mail/?tab=om&zx=9fmr6l2hfhqv#inbox,12/9/2007 13:42,12/9/2007 13:44,2,,mail.google.com,Gmail - Inbox - steve.vogon@gmail.com,91
https://www.google.com/accounts/ServiceLogin?service=writely&passive=true\&continue=http%3A%2F%2Fdocs.google.com%2F&followup=http%3A%2F%2Fdocs.google.co\m%2F&ltmpl=homepage&nui=1,12/8/2007 16:26,12/9/2007 13:42,3,http://www.google.com/accounts/Logout2?ilo=1&ils=wise&ilc=1&continue=http\%3A%2F%2Fdocs.google.com%3A80%2F&zx=-352362955,google.com,Welcome to Google Docs,2
https://www.google.com/accounts/ServiceLogin?service=mail&passive=true&rm\=false&continue=https%3A%2F%2Fmail.google.com%2Fmail%3Ftab%3Dom%26nsr%3D1%26ui\%3Dhtml%26zy%3Dl&ltmpl=default&ltmplcache=2,12/8/2007 16:42,12/9/2007 13:42,3,http://docs.google.com/?pli=1,google.com,Gmail: Email from Google,30
https://www.google.com/accounts/ServiceLoginAuth?service=writely,12/8/2007 16:52,12/9/2007 13:42,2,https://www.google.com/accounts/ServiceLogin?service=writely&passive=true\&continue=http%3A%2F%2Fdocs.google.com%2F%3Faction%3Dhome&followup=http%3A%2F%\2Fdocs.google.com%2F%3Faction%3Dhome&ltmpl=homepage&nui=1,google.com,,67
http://docs.google.com/?auth=DQAAAJEAAACgQE1FUDpTA0Nj2tJAj7m1uzqR2qUGhcaO\dRALYXMZCETUHV9j-kSKeCd8GxcytlTs31An0dl5tFuppheQG7jcZ0njIy73yC0oSkn2Jdm-9srLYG\0pp-nJLeBsls341Rgb4Bj3nxNezoP8uuhZ419fwAqdnhPx3HAfM7kxOQI_t82W5u6YiB1ZFRQWvQJj\pP6oEfA8XCXIfnoNHH-smrC7&gausr=Steve.Vogon%40gmail.com,12/9/2007 13:42,12/9/2007 13:42,0,,docs.google.com,,82
http://mail.google.com/mail/?tab=om&zx=9fmr6l2hfhqv,12/9/2007 13:42,12/9/2007 13:42,0,,mail.google.com,Loading... Gmail,89
http://mail.google.com/mail/?tab=om&zx=9fmr6l2hfhqv#,12/9/2007 13:42,12/9/2007 13:42,0,,mail.google.com,Gmail,90
http://mail.google.com/mail/?tab=om&zx=9fmr6l2hfhqv#inbox/116b8f2e64347f1\a,12/9/2007 13:42,12/9/2007 13:42,0,,mail.google.com,Gmail - Account is set up - steve.vogon@gmail.com,92
http://mail.google.com/mail?tab=om&zx=9fmr6l2hfhqv,12/9/2007 13:42,12/9/2007 13:42,0,,mail.google.com,,88
http://spreadsheets.google.com/ccc?doNothing&pli=1&auth=DQAAAJAAAAC9svgMe\kiqCizyzzrWvbcpTd0S4xcpzptZumRxtMuKni5HYafOL9ayLw2sAyY8ejS9Rde7d0mkFHogkRsHNtX\XrScuV_gVVje0sxNVHbVThMdqVWthXH4VPuM0c5rhPMij_99DPb_5uryCG5zL4y5gezbi8pzEgMEwi\I4BuBQDzjVEMXWBb-mVVjrvzUVtCr8&gausr=Steve.Vogon%40gmail.com,12/9/2007 13:42,12/9/2007 13:42,0,http://docs.google.com/,spreadsheets.google.com,,85
http://www.google.com.qa/accounts/SetSID?ssdc=1&sidt=ALBvvRYBAAA%3D.DWvEw\PywyuevR7bXF%2FlLmhLjACcxAPHbPTubbQDnkvHuIQFgwqTZpTSngQbRS0bD96nmXdCOGLv2OzkWD\xPoq4Zbq%2F9lSs695WRwv4XrLMDwkpSctYyiQH2bWI8XnjP4z4VJS9rQYXQsJTA8pN1rZNrfSncA1\UVlV4tVEvy8ID6WFdEAFCa9SeJinC5V9jj1sGnVa%2Bp0cw9Msh%2FYPSBFILnJHEveViJtAk9kMq1\JdQY9uO4qEq3AeeJxy1%2FJjwb7NqRgg8OaOWBkr9WXGIEUiwJ4BFdD5vso3VTIOm8eEBo%3D.IA7Q\gidGs81zatKDHIpDYA%3D%3D&continue=http%3A%2F%2Fdocs.google.com%2F%3Fauth%3DDQA\AAJEAAACgQE1FUDpTA0Nj2tJAj7m1uzqR2qUGhcaOdRALYXMZCETUHV9j-kSKeCd8GxcytlTs31An0\dl5tFuppheQG7jcZ0njIy73yC0oSkn2Jdm-9srLYG0pp-nJLeBsls341Rgb4Bj3nxNezoP8uuhZ419\fwAqdnhPx3HAfM7kxOQI_t82W5u6YiB1ZFRQWvQJjpP6oEfA8XCXIfnoNHH-smrC7%26gausr%3DSt\eve.Vogon%2540gmail.com,12/9/2007 13:42,12/9/2007 13:42,0,,google.com.qa,,81
http://www.googleadservices.com/pagead/conversion/1065610311/?random=1197\178941436&label=SIGNUP&hl=en&gl=US&fmt=1&bg=FFFFFF,12/9/2007 13:42,12/9/2007 13:42,0,http://docs.google.com/,googleadservices.com,,84
https://mail.google.com/mail?tab=om&nsr=1&auth=DQAAAJAAAAC6PldwGZ0KvXe-aT\DjX-WjXqfJYzZJAbRcDG65GwERKPN2ZQLdOI_cUAytWuoozU4ILABmwXbB5MiCM9xyGmm_2fJgmVoU\2edzGhCPcd8yPW0L2JWmnfhBSsn5q0l_bXAxlxtA8tClUwSxQ3CA3KgbsGHMKgggb-zcHW79eISGuk\o3oFRFtaTIcFwGuAfr3Qk&gausr=Steve.Vogon%40gmail.com&zx=9fmr6l2hfhqv,12/9/2007 13:42,12/9/2007 13:42,0,http://docs.google.com/,mail.google.com,,87
https://mail.google.com/mail?tab=om&nsr=1&ui=html&zy=l&pli=1&auth=DQAAAJA\AAAC6PldwGZ0KvXe-aTDjX-WjXqfJYzZJAbRcDG65GwERKPN2ZQLdOI_cUAytWuoozU4ILABmwXbB5\MiCM9xyGmm_2fJgmVoU2edzGhCPcd8yPW0L2JWmnfhBSsn5q0l_bXAxlxtA8tClUwSxQ3CA3KgbsGH\MKgggb-zcHW79eISGuko3oFRFtaTIcFwGuAfr3Qk&gausr=Steve.Vogon%40gmail.com,12/9/2007 13:42,12/9/2007 13:42,0,http://docs.google.com/,mail.google.com,,86
https://www.google.com/accounts/CheckCookie?continue=http%3A%2F%2Fdocs.go\ogle.com%2F&followup=http%3A%2F%2Fdocs.google.com%2F&service=writely&chtml=Log\inDoneHtml,12/9/2007 13:42,12/9/2007 13:42,0,https://www.google.com/accounts/ServiceLogin?service=writely&passive=true\&continue=http%3A%2F%2Fdocs.google.com%2F&followup=http%3A%2F%2Fdocs.google.co\m%2F&ltmpl=homepage&nui=1,google.com,Redirecting,80
http://docs.google.com/logout?hl=en_US,12/8/2007 16:57,12/8/2007 16:57,0,http://docs.google.com/?action=home,docs.google.com,,76
http://www.google.com.qa/accounts/Logout2?ilo=1&ils=s.QA%2Cwise&ilc=0&con\tinue=http%3A%2F%2Fdocs.google.com%3A80%2F&zx=-969154507,12/8/2007 16:57,12/8/2007 16:57,0,,google.com.qa,????? ??????,78
http://www.google.com/accounts/Logout2?ilo=1&ils=wise&ilc=1&continue=http\%3A%2F%2Fdocs.google.com%3A80%2F&zx=-352362955,12/8/2007 16:57,12/8/2007 16:57,0,http://www.google.com.qa/accounts/Logout2?ilo=1&ils=s.QA%2Cwise&ilc=0&con\tinue=http%3A%2F%2Fdocs.google.com%3A80%2F&zx=-969154507,google.com,Google Accounts,79
https://www.google.com/accounts/Logout?service=writely&continue=http%3A%2\F%2Fdocs.google.com%3A80%2F,12/8/2007 16:57,12/8/2007 16:57,0,http://docs.google.com/?action=home,google.com,Redirecting,77
http://spreadsheets.google.com/ccc?doNothing&pli=1&auth=DQAAAJEAAAC82izn4\0cn379bmrqjkw1ljhybwV3yUk-GHKMFfVEyqsYIA0TdJf8D_7ZVRJtzTiaTDD301FejnAhCQ-Tm6Pv\5WNL4yhvHn46ryTTUb8o-oyaz96iyprGj-ZxKnCug-atfp0bgUidgMtEg6g0w6Ft08RjCkYImkQZhn\os_mTPQflcw4-cF07simApo9FEuh5SZjjAQiMzTmU0awl9zaUWw&gausr=Steve.Vogon%40gmail.\com,12/8/2007 16:53,12/8/2007 16:53,0,http://docs.google.com/?action=home,spreadsheets.google.com,,73
http://www.googleadservices.com/pagead/conversion/1065610311/?random=1197\103981191&label=SIGNUP&hl=en&gl=US&fmt=1&bg=FFFFFF,12/8/2007 16:53,12/8/2007 16:53,0,http://docs.google.com/?action=home,googleadservices.com,,71
http://docs.google.com/?action=home,12/8/2007 16:43,12/8/2007 16:52,2,http://docs.google.com/DocAction?action=settings&hl=en,docs.google.com,Google Docs,34
http://docs.google.com/?action=home#,12/8/2007 16:43,12/8/2007 16:52,2,,docs.google.com,Google Docs - All items,35
http://docs.google.com/?action=home#all,12/8/2007 16:52,12/8/2007 16:52,0,,docs.google.com,Google Docs - Spreadsheets,61
http://docs.google.com/?action=home#created-by-me,12/8/2007 16:52,12/8/2007 16:52,0,,docs.google.com,Google Docs - All items,60
http://docs.google.com/?action=home#spreadsheets,12/8/2007 16:52,12/8/2007 16:52,2,,docs.google.com,,62
http://docs.google.com/?action=home&auth=DQAAAJAAAABhjhHHT0ZwihmaoqGuxlrf\6vxQeHyDcbH3_wgO-PS-zSOYXqbz9l3fuiJRAkcSbCMToWmEwnL6PvrCr6pxS08h5LL1va-qaEP3LI\7sDE_YLj18AXfp5fr9eu0vtVJW8GSrR00kjCZmaxFj1NX9Sfco8lz_VAss1iNdMjEzI5QrgifF8d2H\jrdmwy8GFbSbkww&gausr=Steve.Vogon%40gmail.com,12/8/2007 16:52,12/8/2007 16:52,0,,docs.google.com,,70
http://mail.google.com/mail/?logout&hl=en,12/8/2007 16:52,12/8/2007 16:52,0,http://mail.google.com/mail/?ui=2&view=bsp&ver=ymdfwq781tpu,mail.google.com,,63
http://www.google.com.qa/accounts/SetSID?ssdc=1&sidt=tsr3uBYBAAA%3D.hSfZG\4aOKVd3USlapqbTpYzHsPLa9n7zTwt%2FhBdGPnr%2FHwYVxkdzCl97g0%2FTbqPcYxwUk8SKfFoIX\fzZmgoJcp3HpLGp95OI6dojqDjLnRe%2FEqfuu1%2B2qOIE9fNC9Nu1xmr2PxPbcGMNKilQYm8SLPU\8R38DdbKDN0uXvd8Q%2FRCHnkg%2BUJkmrkMsNM44TzOPnI0VJnpnZ68NpvMl1u3vsNL4MIskLe%2B\UQp%2Bi2acxxLVMe9kYFgWxbIDCIT4yL5sBeZzYuC7JZ6nEJAKY4hPP6Is%2FEeeSOw9QrQR8htKZo\Uc%3D.QSFOdWTHlUArd7ud7QqfJQ%3D%3D&continue=http%3A%2F%2Fdocs.google.com%2F%3F\action%3Dhome%26auth%3DDQAAAJAAAABhjhHHT0ZwihmaoqGuxlrf6vxQeHyDcbH3_wgO-PS-zSO\YXqbz9l3fuiJRAkcSbCMToWmEwnL6PvrCr6pxS08h5LL1va-qaEP3LI7sDE_YLj18AXfp5fr9eu0vt\VJW8GSrR00kjCZmaxFj1NX9Sfco8lz_VAss1iNdMjEzI5QrgifF8d2Hjrdmwy8GFbSbkww%26gausr\%3DSteve.Vogon%2540gmail.com,12/8/2007 16:52,12/8/2007 16:52,0,,google.com.qa,,69
http://www.google.com/accounts/Logout2?ilo=1&ils=writely%2Cwise&ilc=0&con\tinue=https%3A%2F%2Fwww.google.com%2Faccounts%2FServiceLogin%3Fservice%3Dmail%\26passive%3Dtrue%26rm%3Dfalse%26continue%3Dhttps%253A%252F%252Fmail.google.com\%252Fmail%253Fnsr%253D1%2526ui%253Dhtml%2526zy%253Dl%26ltmpl%3Ddefault%26ltmpl\cache%3D2%26hl%3Den&zx=575624465,12/8/2007 16:52,12/8/2007 16:52,0,,google.com,Google Accounts,65
https://www.google.com/accounts/CheckCookie?continue=http%3A%2F%2Fdocs.go\ogle.com%2F%3Faction%3Dhome&followup=http%3A%2F%2Fdocs.google.com%2F%3Faction%\3Dhome&service=writely&chtml=LoginDoneHtml,12/8/2007 16:52,12/8/2007 16:52,0,https://www.google.com/accounts/ServiceLogin?service=writely&passive=true\&continue=http%3A%2F%2Fdocs.google.com%2F%3Faction%3Dhome&followup=http%3A%2F%\2Fdocs.google.com%2F%3Faction%3Dhome&ltmpl=homepage&nui=1,google.com,Redirecting,68
https://www.google.com/accounts/Logout?service=mail&continue=https%3A%2F%\2Fwww.google.com%2Faccounts%2FServiceLogin%3Fservice%3Dmail%26passive%3Dtrue%2\6rm%3Dfalse%26continue%3Dhttps%253A%252F%252Fmail.google.com%252Fmail%253Fnsr%\253D1%2526ui%253Dhtml%2526zy%253Dl%26ltmpl%3Ddefault%26ltmplcache%3D2%26hl%3De\n&hl=en,12/8/2007 16:52,12/8/2007 16:52,0,http://mail.google.com/mail/?ui=2&view=bsp&ver=ymdfwq781tpu,google.com,Redirecting,64
https://www.google.com/accounts/ServiceLogin?service=mail&passive=true&rm\=false&continue=https%3A%2F%2Fmail.google.com%2Fmail%3Fnsr%3D1%26ui%3Dhtml%26z\y%3Dl&ltmpl=default&ltmplcache=2&hl=en,12/8/2007 16:52,12/8/2007 16:52,0,http://www.google.com/accounts/Logout2?ilo=1&ils=writely%2Cwise&ilc=0&con\tinue=https%3A%2F%2Fwww.google.com%2Faccounts%2FServiceLogin%3Fservice%3Dmail%\26passive%3Dtrue%26rm%3Dfalse%26continue%3Dhttps%253A%252F%252Fmail.google.com\%252Fmail%253Fnsr%253D1%2526ui%253Dhtml%2526zy%253Dl%26ltmpl%3Ddefault%26ltmpl\cache%3D2%26hl%3Den&zx=575624465,google.com,Gmail: Email from Google,66
http://spreadsheets.google.com/ccc?key=pI958hhN-OvZf1K54yGvTXw&hl=en#,12/8/2007 16:51,12/8/2007 16:51,0,,spreadsheets.google.com,,59
http://spreadsheets.google.com/ccc?new&hl=en,12/8/2007 16:50,12/8/2007 16:50,2,http://docs.google.com/?action=home,spreadsheets.google.com,,54
http://spreadsheets.google.com/ccc?new&hl=en&auth=DQAAAJAAAABsszmcPAp4hTH\goF17n5Wd3p3p6digW8RuI2DLK-7n7aaP8-9GSBX5qG-WQtqCofT9bMlWjNIq4_7xEcwM3XO40OxDU\o8qSZYFYwTgxrOzQ8YEMkc9SaRJhvn3qtJhj9HQVJ1cUflDEqex_CAwH4atBRi4mtPb5_ES_CnLQLj\iqUKSEMohnxaGI-YW7M33wHs&gausr=Steve.Vogon%40gmail.com,12/8/2007 16:50,12/8/2007 16:50,0,,spreadsheets.google.com,,57
https://www.google.com/accounts/CreateServiceAccount?service=wise&continu\e=http%3A%2F%2Fspreadsheets.google.com%2Fccc%3Fnew%26hl%3Den&followup=http%3A%\2F%2Fspreadsheets.google.com%2Fccc%3Fnew%26hl%3Den,12/8/2007 16:50,12/8/2007 16:50,0,https://www.google.com/accounts/NewServiceAccount?service=wise&continue=h\ttp%3A%2F%2Fspreadsheets.google.com%2Fccc%3Fnew%26hl%3Den&followup=http%3A%2F%\2Fspreadsheets.google.com%2Fccc%3Fnew%26hl%3Den,google.com,Redirecting,56
https://www.google.com/accounts/NewServiceAccount?service=wise&continue=h\ttp%3A%2F%2Fspreadsheets.google.com%2Fccc%3Fnew%26hl%3Den&followup=http%3A%2F%\2Fspreadsheets.google.com%2Fccc%3Fnew%26hl%3Den,12/8/2007 16:50,12/8/2007 16:50,0,http://docs.google.com/?action=home,google.com,Google Accounts,55
http://mail.google.com/mail/?ui=2&ik=d5424cfd94&at=tfpl7563cyc58c7y1y3enw\pk9h15a2&view=up&act=sm&jsid=eiodym-fhsopn&cmid=1&rt=h&zx=so3uz4-ysn48o,12/8/2007 16:49,12/8/2007 16:49,0,http://mail.google.com/mail/,mail.google.com,,52
http://mail.google.com/gmail,12/8/2007 16:46,12/8/2007 16:46,0,http://mail.google.com/mail/help/intro.html,mail.google.com,,44
http://mail.google.com/mail,12/8/2007 16:46,12/8/2007 16:46,0,http://mail.google.com/mail/help/intro.html,mail.google.com,,45
http://mail.google.com/mail/e-11-109cf7524daf7668e71bd2769bbc0400-6fb2a60\1b2c487ca7f4b346cd7e6f50b825a69cc?auth=DQAAAIwAAADGW4Z-JkhZzRsZDDszGNVSXsxoyGC\P_oeUQNQ-fwaSt9gQbgYkoMqdavVV8gCpSv71oUQ3Wiy-cmi8bTh1A4-A8Mgn2zxN2RjJkrguDK51s\eoExWtpBesokqtG1dPOLIyipteLZpcIV4_IU8sLo3I0T2U08KeLs7MA_FZOxiB0zGf7ywNwxW8ej9s\S2C2OrZs&gausr=steve_vogon%40hotmail.com,12/8/2007 16:46,12/8/2007 16:46,0,,mail.google.com,,41
http://mail.google.com/mail/help/intro.html,12/8/2007 16:46,12/8/2007 16:46,0,,mail.google.com,Introduction to Gmail,42
http://www.googleadservices.com/pagead/conversion/1069902127/?random=1197\103564373&value=1&label=Default&hl=en&gl=US&fmt=1&bg=FFFFFF,12/8/2007 16:46,12/8/2007 16:46,0,http://mail.google.com/mail/help/intro.html,googleadservices.com,,43
https://www.google.com/accounts/CreateServiceAccount?service=mail&continu\e=http%3A%2F%2Fmail.google.com%2Fmail%2Fe-11-109cf7524daf7668e71bd2769bbc0400-\6fb2a601b2c487ca7f4b346cd7e6f50b825a69cc&type=2,12/8/2007 16:46,12/8/2007 16:46,0,https://www.google.com/accounts/NewAccount?service=mail&continue=http%3A%\2F%2Fmail.google.com%2Fmail%2Fe-11-109cf7524daf7668e71bd2769bbc0400-6fb2a601b2\c487ca7f4b346cd7e6f50b825a69cc&type=2,google.com,Redirecting,40
https://www.google.com/accounts/NewServiceAccount?service=wise&continue=h\ttp%3A%2F%2Fspreadsheets.google.com%2Fccc%3FdoNothing&followup=http%3A%2F%2Fsp\readsheets.google.com%2Fccc%3FdoNothing,12/8/2007 16:40,12/8/2007 16:44,2,http://docs.google.com/?pli=1,google.com,Google Accounts,23
https://www.google.com/accounts/ServiceLoginAuth?service=mail,12/8/2007 16:42,12/8/2007 16:44,2,https://www.google.com/accounts/ServiceLogin?service=mail&passive=true&rm\=false&continue=https%3A%2F%2Fmail.google.com%2Fmail%3Ftab%3Dom%26nsr%3D1%26ui\%3Dhtml%26zy%3Dl&ltmpl=default&ltmplcache=2,google.com,Gmail: Email from Google,31
http://mail.google.com/mail/signup,12/8/2007 16:44,12/8/2007 16:44,0,,mail.google.com,,38
https://www.google.com/accounts/CheckCookie?continue=https%3A%2F%2Fmail.g\oogle.com%2Fmail%3Ftab%3Dom%26nsr%3D1&service=mail&chtml=LoginDoneHtml,12/8/2007 16:44,12/8/2007 16:44,0,https://www.google.com/accounts/ServiceLogin?service=mail&passive=true&rm\=false&continue=https%3A%2F%2Fmail.google.com%2Fmail%3Ftab%3Dom%26nsr%3D1%26ui\%3Dhtml%26zy%3Dl&ltmpl=default&ltmplcache=2,google.com,Redirecting,37
https://www.google.com/accounts/NewAccount?service=mail&continue=http%3A%\2F%2Fmail.google.com%2Fmail%2Fe-11-109cf7524daf7668e71bd2769bbc0400-6fb2a601b2\c487ca7f4b346cd7e6f50b825a69cc&type=2,12/8/2007 16:44,12/8/2007 16:44,0,,google.com,Google Accounts,39
http://docs.google.com/DocAction?action=settings,12/8/2007 16:43,12/8/2007 16:43,0,http://docs.google.com/DocAction?action=settings&hl=en,docs.google.com,,33
http://docs.google.com/DocAction?action=settings&hl=en,12/8/2007 16:43,12/8/2007 16:43,0,http://docs.google.com/?pli=1,docs.google.com,Settings,32
http://www.googleadservices.com/pagead/conversion/1065610311/?random=1197\103439925&label=SIGNUP&hl=en&gl=US&fmt=1&bg=FFFFFF,12/8/2007 16:43,12/8/2007 16:43,0,http://docs.google.com/?action=home,googleadservices.com,,36
http://bl124w.blu124.mail.live.com/mail/logout.aspx,12/8/2007 16:42,12/8/2007 16:42,0,http://bl124w.blu124.mail.live.com/mail/ReadMessageLight.aspx?AllowUnsafe\=True&FolderID=00000000-0000-0000-0000-000000000001&InboxSortAscending=False&I\nboxSortBy=Date&ReadMessageId=c2795564-8e5f-4a82-b4f5-b94736331086&n=150560298\8,bl124w.blu124.mail.live.com,,25
http://bl124w.blu124.mail.live.com/mail/logout.aspx?redirect=true&mkt=en-\QA&lc=1033,12/8/2007 16:42,12/8/2007 16:42,0,http://login.live.com/logout.srf?ct=1197103379&rver=4.5.2130.0&lc=1033&id\=64855&ru=http:%2F%2Fbl124w.blu124.mail.live.com%2Fmail%2Flogout.aspx%3Fredire\ct%3Dtrue%26mkt%3Den-QA,bl124w.blu124.mail.live.com,,27
http://login.live.com/logout.srf?ct=1197103379&rver=4.5.2130.0&lc=1033&id\=64855&ru=http:%2F%2Fbl124w.blu124.mail.live.com%2Fmail%2Flogout.aspx%3Fredire\ct%3Dtrue%26mkt%3Den-QA,12/8/2007 16:42,12/8/2007 16:42,0,http://bl124w.blu124.mail.live.com/mail/ReadMessageLight.aspx?AllowUnsafe\=True&FolderID=00000000-0000-0000-0000-000000000001&InboxSortAscending=False&I\nboxSortBy=Date&ReadMessageId=c2795564-8e5f-4a82-b4f5-b94736331086&n=150560298\8,login.live.com,Continue,26
http://www.msn.com/,12/8/2007 16:42,12/8/2007 16:42,0,http://login.live.com/logout.srf?ct=1197103379&rver=4.5.2130.0&lc=1033&id\=64855&ru=http:%2F%2Fbl124w.blu124.mail.live.com%2Fmail%2Flogout.aspx%3Fredire\ct%3Dtrue%26mkt%3Den-QA,msn.com,MSN.com,28
http://bl124w.blu124.mail.live.com/mail/ReadMessageLight.aspx?AllowUnsafe\=True&FolderID=00000000-0000-0000-0000-000000000001&InboxSortAscending=False&I\nboxSortBy=Date&ReadMessageId=c2795564-8e5f-4a82-b4f5-b94736331086&n=150560298\8,12/8/2007 16:40,12/8/2007 16:40,0,http://bl124w.blu124.mail.live.com/mail/ReadMessageLight.aspx?Aux=0%7c0%7\c8CA078CEEA0AFA0%7c&FolderID=00000000-0000-0000-0000-000000000001&InboxSortAsc\ending=False&InboxSortBy=Date&ReadMessageId=c2795564-8e5f-4a82-b4f5-b947363310\86&n=1449999540,bl124w.blu124.mail.live.com,Windows Live Hotmail,15
http://docs.google.com/?pli=1,12/8/2007 16:40,12/8/2007 16:40,0,,docs.google.com,Google Docs,20
http://docs.google.com/?pli=1#,12/8/2007 16:40,12/8/2007 16:40,0,,docs.google.com,Google Docs - All items,21
http://docs.google.com/?pli=1&auth=DQAAAHYAAAD09uzfLIBtkBa-X7qhrbsDMG3cNb\RlXfjvw_Qko6BG-YhzraJ3RyD4UxogocAMMngrc7Om2k8_bMNy2oWVvdhM3gBDfafDwFsVc2XkYLKx\0FSkt3vJND7Ixp_JiAYfBDV_ubf7DAA9I5631nJ6yUvGZ0wTl0JP0NHUawi2XFpZ3A&gausr=steve\_vogon%40hotmail.com,12/8/2007 16:40,12/8/2007 16:40,0,,docs.google.com,,19
http://www.google.com/accounts/VE?service=writely&c=CMOduIKSlqf1chDvy6XDi\oCC4wM&hl=en,12/8/2007 16:40,12/8/2007 16:40,0,http://bl124w.blu124.mail.live.com/mail/ReadMessageLight.aspx?Aux=0%7c0%7\c8CA078CEEA0AFA0%7c&FolderID=00000000-0000-0000-0000-000000000001&InboxSortAsc\ending=False&InboxSortBy=Date&ReadMessageId=c2795564-8e5f-4a82-b4f5-b947363310\86&n=1449999540,google.com,,16
http://www.googleadservices.com/pagead/conversion/1065610311/?random=1197\103242029&label=SIGNUP&hl=en&gl=US&fmt=1&bg=FFFFFF,12/8/2007 16:40,12/8/2007 16:40,0,http://docs.google.com/?pli=1,googleadservices.com,,24
https://www.google.com/accounts/ServiceLogin?service=writely&hl=en&passiv\e=true&skipvpage=true&sendvemail=false&continue=http%3A%2F%2Fdocs.google.com%2\F,12/8/2007 16:40,12/8/2007 16:40,0,https://www.google.com/accounts/VE?service=writely&c=CMOduIKSlqf1chDvy6XD\ioCC4wM&hl=en,google.com,,18
https://www.google.com/accounts/VE?service=writely&c=CMOduIKSlqf1chDvy6XD\ioCC4wM&hl=en,12/8/2007 16:40,12/8/2007 16:40,0,http://bl124w.blu124.mail.live.com/mail/ReadMessageLight.aspx?Aux=0%7c0%7\c8CA078CEEA0AFA0%7c&FolderID=00000000-0000-0000-0000-000000000001&InboxSortAsc\ending=False&InboxSortBy=Date&ReadMessageId=c2795564-8e5f-4a82-b4f5-b947363310\86&n=1449999540,google.com,Google Accounts,17
http://bl124w.blu124.mail.live.com/mail/InboxLight.aspx?FolderID=00000000\-0000-0000-0000-000000000001&n=1885007351,12/8/2007 16:39,12/8/2007 16:39,0,http://bl124w.blu124.mail.live.com/mail/TodayLight.aspx?wa=wsignin1.0&n=2\95907872&gs=true,bl124w.blu124.mail.live.com,Windows Live Hotmail,13
http://bl124w.blu124.mail.live.com/mail/ReadMessageLight.aspx?Aux=0%7c0%7\c8CA078CEEA0AFA0%7c&FolderID=00000000-0000-0000-0000-000000000001&InboxSortAsc\ending=False&InboxSortBy=Date&ReadMessageId=c2795564-8e5f-4a82-b4f5-b947363310\86&n=1449999540,12/8/2007 16:39,12/8/2007 16:39,0,http://bl124w.blu124.mail.live.com/mail/InboxLight.aspx?FolderID=00000000\-0000-0000-0000-000000000001&n=1885007351,bl124w.blu124.mail.live.com,Windows Live Hotmail,14
http://bl124w.blu124.mail.live.com/mail/TodayLight.aspx?wa=wsignin1.0&n=2\95907872&gs=true,12/8/2007 16:39,12/8/2007 16:39,0,,bl124w.blu124.mail.live.com,Windows Live Hotmail,12
http://mail.live.com/default.aspx?wa=wsignin1.0,12/8/2007 16:39,12/8/2007 16:39,0,,mail.live.com,,11
https://login.live.com/ppsecure/post.srf?wa=wsignin1.0&rpsnv=10&ct=119710\3183&rver=4.5.2130.0&wp=MBI&wreply=http:%2F%2Fmail.live.com%2Fdefault.aspx&id=\64855&bk=1197103184,12/8/2007 16:39,12/8/2007 16:39,0,http://login.live.com/login.srf?wa=wsignin1.0&rpsnv=10&ct=1197103183&rver\=4.5.2130.0&wp=MBI&wreply=http:%2F%2Fmail.live.com%2Fdefault.aspx&id=64855,login.live.com,,10
https://www.google.com/accounts/CreateAccount?service=writely&hl=en&conti\nue=http://docs.google.com/&followup=http://docs.google.com/,12/8/2007 16:37,12/8/2007 16:38,2,https://www.google.com/accounts/NewAccount?service=writely&hl=en&continue\=http://docs.google.com/&followup=http://docs.google.com/,google.com,Google Accounts,5
http://hotmail.com/,12/8/2007 16:38,12/8/2007 16:38,2,,hotmail.com,,6
http://lc2.bay0.hotmail.passport.com/cgi-bin/login,12/8/2007 16:38,12/8/2007 16:38,0,,lc2.bay0.hotmail.passport.com,,7
http://login.live.com/login.srf?wa=wsignin1.0&rpsnv=10&ct=1197103183&rver\=4.5.2130.0&wp=MBI&wreply=http:%2F%2Fmail.live.com%2Fdefault.aspx&id=64855,12/8/2007 16:38,12/8/2007 16:38,0,,login.live.com,Sign In,9
http://mail.live.com/,12/8/2007 16:38,12/8/2007 16:38,0,,mail.live.com,,8
http://www.google.com/support/accounts/bin/answer.py?answer=48598&hl=en&f\pUrl=https%3A%2F%2Fwww.google.com%2Faccounts%2FForgotPasswd%3FfpOnly%3D1%26con\tinue%3Dhttp%253A%252F%252Fdocs.google.com%252F%26followup%3Dhttp%253A%252F%25\2Fdocs.google.com%252F%26service%3Dwritely,12/8/2007 16:26,12/8/2007 16:26,0,,google.com,Describe the problem you experience when trying to sign in to your account.,3
https://www.google.com/accounts/NewAccount?service=writely&hl=en&continue\=http://docs.google.com/&followup=http://docs.google.com/,12/8/2007 16:26,12/8/2007 16:26,0,https://www.google.com/accounts/ServiceLogin?service=writely&passive=true\&continue=http%3A%2F%2Fdocs.google.com%2F&followup=http%3A%2F%2Fdocs.google.co\m%2F&ltmpl=homepage&nui=1,google.com,Google Accounts,4
